Tract,Total Population,White,Black,American Indian and Alaska Native,Asian,Native Hawaiian and Other Pacific Islander,Hispanic,Median Age,Median Household Income,Less than 9th grade,High school graduate,GED or alternative credential,Bachelor's degree,Master's degree,Doctorate degree,Under 50% of poverty level,50% to 99% of poverty level,Total housing units,Owner occupied,Renter occupied,Households with one more more people under 18,Computer with dial-up Internet subscription alone,Computer and Broadband Internet subscription,Computer and no Internet access,No computer,Internet Subscription,Any Broadband Internet subscription,"Cable, fiber optic, or DSL Internet subscription",No Internet access,"Less than $10,000 household income","Less than $10,000 household income with Broadband Internet subscription",$10K to $20K household income,$10K to $20K household income with Broadband Internet subscription,$20K to $35K household income,$20K to $35K household income with Broadband Internet subscription,$35K to $50K household income,$35K to $50K household income with Broadband Internet subscription,Born in the United States,"Born in Puerto Rico, U.S. Island areas, or born abroad to American parent(s)",Born abroad to American parent(s),Naturalized U.S. citizen,Not a U.S. citizen,"Speak English less than ""very well"" (Spanish)","Speak English less than ""very well"" (other than Spanish)",Total Over 25 Years Old,Total Over 5 Years Old,Total Households,Total ACP Subscribed Households as of 2023-12-01,rural,pop_density,ISPs Count,ISPs ACP Count,All ISPs,High Cost,Tribal,ISP Desert,ACP Desert
46003973600,2590,2415,33,62,6,0,172,41.4,71490,33,587,47,232,72,10,43,85,1053,807,246,300,3,822,120,108,827,824,642,195,8,7,97,67,100,71,130,91,2454,18,10,16,92,95,0,1724,2414,1053,22,1,3.74,6,5,Midstate Communications -- Golden West Telecommunications -- Venture Communications Cooperative Inc. -- Santel -- T-Mobile US -- Verizon,0,0,1,1
46005956600,1836,1728,0,11,0,0,24,42.6,81204,25,401,58,213,34,23,65,35,746,616,130,223,0,598,58,90,606,606,337,136,30,16,20,7,44,40,72,25,1803,5,0,24,4,0,87,1246,1741,746,49,1,3.27,12,8,SDN Communications -- Venture Communications Cooperative Inc. -- Santel -- Valley FiberCom -- T-Mobile US -- GigFire -- LTD Broadband -- Verizon -- James Valley Cooperative Telephone Company -- Midco -- Wisp West| Celerity Internet -- CenturyLink,0,0,1,1
46005956700,2266,2235,5,5,0,0,122,44.1,75833,1,566,32,257,56,12,52,105,898,731,167,245,0,749,68,81,760,760,592,124,19,12,57,26,88,62,114,88,2241,0,0,22,3,8,7,1579,2166,898,26,1,3.56,9,7,Venture Communications Cooperative Inc. -- Santel -- T-Mobile US -- LTD Broadband -- GigFire -- James Valley Cooperative Telephone Company -- Midco -- Wisp West| Celerity Internet -- CenturyLink,0,0,1,1
46005956800,1797,1369,0,77,0,0,325,43.3,60625,40,380,81,253,70,24,33,119,750,569,181,195,0,671,39,40,671,671,487,60,0,0,58,53,117,94,119,81,1568,0,0,135,94,33,0,1207,1574,750,86,1,68.34,10,7,SDN Communications -- Venture Communications Cooperative Inc. -- Santel -- T-Mobile US -- LTD Broadband -- GigFire -- Verizon -- Midco -- Wisp West| Celerity Internet -- CenturyLink,0,0,1,1
46005956900,3030,1881,17,112,120,201,647,34.1,42461,81,475,186,168,38,33,197,405,1125,545,580,318,0,934,65,126,956,956,613,137,107,73,125,69,232,199,187,162,2415,0,7,28,580,191,278,1854,2809,1125,142,1,3632.31,5,3,SDN Communications -- T-Mobile US -- Verizon -- Midco -- CenturyLink,0,0,1,1
46005957000,6188,4286,64,26,996,0,630,36.4,60786,202,912,211,548,450,80,308,239,2301,1686,615,919,0,1786,207,308,1786,1786,1387,472,124,107,249,85,275,232,448,345,5478,0,0,519,191,40,554,4089,5674,2301,269,1,250.1,9,6,SDN Communications -- Santel -- T-Mobile US -- GigFire -- LTD Broadband -- Verizon -- Midco -- Wisp West| Celerity Internet -- CenturyLink,0,0,1,1
46005957100,3972,2729,27,0,592,0,496,36.2,74938,81,686,148,638,91,0,99,154,1623,1067,556,633,0,1360,134,129,1366,1366,1109,204,54,33,144,86,211,145,179,109,3236,27,16,75,618,177,423,2557,3583,1623,156,1,257.84,9,6,SDN Communications -- Santel -- T-Mobile US -- GigFire -- LTD Broadband -- Verizon -- Midco -- Wisp West| Celerity Internet -- CenturyLink,0,0,1,1
46007941000,1454,748,0,580,45,0,144,33.8,48782,14,235,30,214,45,0,122,106,520,331,189,200,0,388,50,82,393,393,364,115,24,0,46,11,87,55,122,102,1404,0,12,6,32,0,30,858,1306,520,62,1,201.67,1,0,Golden West Telecommunications,0,1,1,0
46007941200,1937,625,6,1242,0,0,171,23.1,0,29,303,54,56,3,0,599,164,494,284,210,201,0,268,136,90,290,290,239,162,96,72,79,13,85,36,20,9,1931,0,0,6,0,2,25,939,1828,494,151,1,1.38,2,1,Golden West Telecommunications -- Verizon,0,1,1,1
46009967600,3080,2990,8,30,3,0,36,48.5,58333,71,738,76,386,120,20,53,190,1394,1082,312,308,24,1079,100,191,1129,1105,904,243,45,25,141,80,212,139,215,160,3054,0,4,14,8,12,5,2298,2927,1394,43,1,12.72,6,2,Fort Randall Telephone Company -- Golden West Telecommunications -- South Dakota Wireless Internet -- Viaero Wireless -- T-Mobile US -- Verizon,0,0,1,1
46009967700,3938,3110,107,441,11,0,168,37.5,56852,64,564,530,335,131,22,119,268,1020,762,258,210,10,787,87,136,802,792,660,189,57,31,82,9,187,135,130,121,3879,13,14,2,30,19,18,2873,3759,1020,20,1,12.25,5,2,Fort Randall Telephone Company -- Golden West Telecommunications -- Viaero Wireless -- Santel -- Verizon,0,0,1,1
46011958600,4406,4071,0,37,13,0,339,33.9,80462,14,827,45,659,134,46,191,63,1823,1402,421,599,0,1627,106,90,1638,1638,1295,179,65,33,65,42,122,84,279,220,4111,56,18,25,196,149,0,2889,4036,1823,35,1,12.03,8,5,Swiftel Communications -- ITC -- MCC_Georgia_LLC -- T-Mobile US -- LTD Broadband -- GigFire -- Verizon -- Midco,0,0,1,1
46011958700,5589,5463,4,15,24,0,94,37.3,84120,25,954,57,803,262,70,140,131,2332,1771,561,629,0,2125,84,123,2128,2128,1691,172,64,52,118,78,193,138,258,217,5494,4,36,24,31,13,28,3764,5112,2332,41,1,13.99,12,6,SDN Communications -- ITC -- Alliance Communications Cooperative Inc. -- MCC_Georgia_LLC -- Valley FiberCom -- T-Mobile US -- LTD Broadband -- GigFire -- Verizon -- Midco -- Wisp West| Celerity Internet -- CenturyLink,0,0,1,1
46011958803,5777,5031,96,0,107,0,295,33.6,96409,0,608,39,1049,433,67,265,169,2095,1565,530,746,0,1831,170,94,1831,1831,1531,197,0,0,83,68,213,164,162,87,5275,218,51,118,115,101,30,3344,5379,2095,79,0,913.05,6,3,Swiftel Communications -- ITC -- MCC_Georgia_LLC -- T-Mobile US -- GigFire -- LTD Broadband,0,0,1,1
46011958804,3376,2945,81,73,226,0,5,26.1,53750,39,165,156,785,221,34,218,680,1191,477,714,243,0,1023,141,27,1023,1023,854,64,47,47,111,50,163,118,158,158,3069,0,0,0,307,0,49,1823,3278,1191,48,0,3818.93,6,4,Swiftel Communications -- MCC_Georgia_LLC -- T-Mobile US -- GigFire -- LTD Broadband -- Verizon,0,0,1,1
46011958805,2562,2419,3,31,19,0,58,23.8,48672,0,238,66,218,35,30,30,379,947,312,635,159,0,861,43,43,861,861,728,75,20,20,174,159,140,92,165,154,2531,0,0,2,29,20,0,1003,2532,947,57,0,185.96,7,4,Swiftel Communications -- ITC -- MCC_Georgia_LLC -- T-Mobile US -- LTD Broadband -- GigFire -- Verizon,0,0,1,1
46011958900,6735,6043,186,104,235,0,124,21.3,46847,21,424,81,661,240,58,413,692,2197,819,1378,304,13,1799,221,164,1812,1799,1479,233,117,54,335,257,393,327,379,269,6224,71,17,97,326,24,118,2376,6540,2197,90,0,1093.74,7,4,Swiftel Communications -- ITC -- MCC_Georgia_LLC -- T-Mobile US -- LTD Broadband -- GigFire -- Verizon,0,0,1,1
46011959000,6186,5176,0,162,433,0,426,31.5,55938,10,624,57,1027,232,242,283,268,2781,1451,1330,723,0,2632,35,114,2632,2632,2203,144,180,167,255,216,178,162,227,178,5535,51,20,398,182,80,69,3517,5769,2781,95,0,1247.42,6,3,Swiftel Communications -- ITC -- MCC_Georgia_LLC -- T-Mobile US -- LTD Broadband -- GigFire,0,0,1,1
46013951300,6074,5342,8,113,249,0,253,44.6,83358,83,1190,24,957,364,118,215,317,2414,1803,611,672,0,2117,225,72,2133,2133,1744,180,94,25,117,99,315,175,216,194,5559,178,181,123,33,55,6,4133,5818,2414,125,0,247.8,6,4,Wavelength LLC -- T-Mobile US -- Verizon -- James Valley Cooperative Telephone Company -- Midco -- CenturyLink,0,0,1,1
46013951400,7130,6388,39,302,58,0,234,37.4,71758,42,1071,153,1594,376,40,262,244,3234,2012,1222,745,14,2886,226,108,2900,2886,2548,187,142,95,191,157,442,335,179,151,6965,30,75,18,42,60,0,4835,6660,3234,167,0,431.27,6,4,Wavelength LLC -- T-Mobile US -- Verizon -- James Valley Cooperative Telephone Company -- Midco -- CenturyLink,0,0,1,1
46013951500,2260,1964,25,58,164,0,143,29.0,27188,0,457,82,249,37,11,391,420,1121,321,800,196,0,867,104,150,867,867,675,254,254,167,162,121,217,187,147,118,1888,61,3,74,234,148,95,1298,2088,1121,65,0,3310.51,6,3,SDN Communications -- Wavelength LLC -- Verizon -- James Valley Cooperative Telephone Company -- Midco -- CenturyLink,0,0,1,1
46013951600,4655,4003,26,205,117,0,149,31.7,59537,5,717,172,670,77,8,228,283,1806,1086,720,492,0,1543,175,88,1560,1560,1309,237,76,76,98,31,337,240,233,225,4458,0,29,44,124,47,2,2693,4386,1806,98,0,4942.07,5,3,Wavelength LLC -- Verizon -- James Valley Cooperative Telephone Company -- Midco -- CenturyLink,0,0,1,1
46013951700,4448,3251,346,326,340,0,245,33.2,78219,38,560,84,562,118,52,133,273,1526,1251,275,586,0,1262,199,65,1262,1262,954,220,48,48,91,74,120,112,222,163,3847,0,12,267,322,34,234,2540,4031,1526,91,0,171.8,6,4,Wavelength LLC -- T-Mobile US -- Verizon -- James Valley Cooperative Telephone Company -- Midco -- CenturyLink,0,0,1,1
46013951800,6431,5097,462,165,387,13,371,42.6,61305,41,1567,158,1033,246,109,231,636,2985,1502,1483,627,0,2337,165,483,2425,2425,1950,487,47,47,250,85,588,433,285,257,5646,26,53,38,668,101,420,4752,6102,2985,145,0,393.63,6,4,Wavelength LLC -- T-Mobile US -- Verizon -- James Valley Cooperative Telephone Company -- Midco -- CenturyLink,0,0,1,1
46013951900,3202,3113,0,2,0,0,56,37.7,86488,16,575,113,410,58,24,54,68,1265,1062,203,434,6,1118,22,119,1138,1132,874,123,32,28,59,36,116,58,115,85,3158,4,7,2,31,26,0,2179,3059,1265,28,1,6.75,6,4,Wavelength LLC -- T-Mobile US -- Verizon -- James Valley Cooperative Telephone Company -- Midco -- CenturyLink,0,0,1,1
46013952000,4078,3897,31,66,29,0,10,46.5,82500,68,885,35,636,139,52,96,72,1684,1531,153,462,9,1444,143,88,1460,1451,1070,150,17,13,78,71,128,84,151,112,4047,0,1,11,19,0,4,2939,3834,1684,44,1,3.45,9,5,Wavelength LLC -- Venture Communications Cooperative Inc. -- Valley FiberCom -- T-Mobile US -- Verizon -- James Valley Cooperative Telephone Company -- Midco -- Dickey Rural Telephone Coop -- CenturyLink,0,0,1,1
46015973100,2486,2403,1,27,0,0,61,41.7,64091,183,544,24,310,64,2,192,173,986,692,294,331,0,752,97,137,755,755,693,176,30,13,64,27,146,62,133,107,2446,0,2,15,23,0,86,1634,2320,986,52,1,3.32,3,3,Midstate Communications -- T-Mobile US -- Verizon,0,0,1,1
46015973200,2761,1927,68,618,0,0,33,41.3,66250,71,584,70,384,108,41,87,255,972,581,391,281,0,732,100,140,744,739,628,196,68,9,124,82,114,59,108,88,2732,0,10,19,0,7,0,1942,2630,972,74,1,82.62,3,2,Midstate Communications -- Verizon -- CenturyLink,0,0,1,1
46017940200,1859,352,0,1472,0,0,154,24.0,42917,4,332,71,47,5,0,462,211,492,241,251,227,0,289,84,119,301,301,159,190,100,40,88,40,26,15,68,41,1854,0,5,0,0,0,18,911,1624,492,262,1,4.19,3,2,SDN Communications -- Midstate Communications -- Venture Communications Cooperative Inc.,0,1,1,1
46019967600,2719,2450,0,72,0,0,28,47.9,56875,21,769,101,216,73,48,97,140,1074,962,112,279,0,854,73,147,854,854,598,207,36,27,125,66,208,154,118,87,2699,0,10,6,4,3,0,1952,2542,1074,43,1,2.77,8,4,Bluepeak -- Golden West Telecommunications -- West River Cooperative Telephone Company -- T-Mobile US -- Verizon -- Midco -- Wisp West| Celerity Internet -- CenturyLink,0,0,1,1
46019967701,5156,4478,0,88,0,0,399,37.6,75186,27,1103,269,575,165,0,109,199,1831,1531,300,711,9,1703,29,90,1712,1703,1425,119,24,24,121,121,107,92,286,223,5040,64,13,39,0,64,0,3697,4888,1831,81,0,52.63,6,3,Bluepeak -- T-Mobile US -- Verizon -- Midco -- Wisp West| Celerity Internet -- CenturyLink,0,0,1,1
46019967702,2494,2369,0,11,37,13,14,39.4,40128,4,405,102,133,87,0,115,181,1207,803,404,285,0,1074,70,63,1074,1074,926,123,23,14,181,146,334,299,141,97,2478,0,0,14,2,0,0,1614,2321,1207,65,0,278.58,5,2,Bluepeak -- Verizon -- Midco -- Wisp West| Celerity Internet -- CenturyLink,0,0,1,1
46021964100,1534,1493,0,4,2,0,61,50.4,66932,59,292,38,278,26,0,11,75,691,572,119,132,0,501,62,128,502,502,444,155,13,6,73,24,69,36,137,95,1508,0,3,7,16,9,3,1111,1448,691,7,1,2.11,4,3,Valley FiberCom -- T-Mobile US -- Venture Communications Cooperative Inc. -- Verizon,0,0,1,1
46023940200,3199,1484,8,1334,3,0,144,35.4,55893,47,494,211,276,117,11,485,475,927,639,288,311,7,681,127,112,709,693,516,181,78,31,99,67,126,91,111,65,3164,5,3,15,12,7,11,1957,2910,927,166,1,9.68,6,3,SDN Communications -- Midstate Communications -- Fort Randall Telephone Company -- Golden West Telecommunications -- T-Mobile US -- Verizon,0,1,1,1
46023940300,3567,1883,4,1349,17,5,210,32.9,61167,72,628,135,312,79,17,258,289,1048,747,301,333,8,751,119,170,776,768,615,215,60,31,120,40,146,81,85,68,3518,5,8,16,20,10,69,2040,3254,1048,251,1,11.12,7,4,SDN Communications -- Midstate Communications -- Fort Randall Telephone Company -- Golden West Telecommunications -- Santel -- T-Mobile US -- Verizon,0,1,1,1
46023970100,2536,2462,0,14,5,0,15,36.7,61967,39,437,93,464,68,24,417,125,988,804,184,325,0,797,76,115,798,798,694,156,22,19,134,122,128,67,122,95,2525,0,0,8,3,2,5,1658,2342,988,17,1,5.67,2,2,Midstate Communications -- Verizon,0,0,1,1
46025955800,3837,3559,21,3,18,0,157,41.2,59340,129,1024,69,401,48,10,221,130,1360,1092,268,323,6,1121,107,126,1130,1124,953,185,58,29,118,71,171,114,200,179,3744,16,0,7,70,50,15,2554,3497,1360,18,1,3.96,9,6,ITC -- Valley FiberCom -- T-Mobile US -- LTD Broadband -- GigFire -- Verizon -- James Valley Cooperative Telephone Company -- Midco -- Wisp West| Celerity Internet,0,0,1,1
46027965700,5600,4669,69,332,280,0,213,28.3,57241,29,701,188,623,380,103,777,342,2256,1262,994,733,0,2099,47,110,2108,2108,1765,89,341,271,95,95,331,271,138,130,5282,0,12,70,236,0,90,3090,5220,2256,123,1,204.73,8,4,SDN Communications -- Bluepeak -- ICS Advanced Technologies -- Nextlink -- Verizon -- Rise Broadband -- Midco -- CenturyLink,0,0,1,1
46027965800,3019,2891,4,10,7,0,7,46.8,83365,25,629,117,461,161,43,93,92,1216,951,265,428,0,996,115,105,1002,1002,694,153,31,13,92,36,50,35,144,105,2988,0,18,10,3,0,0,2217,2858,1216,39,1,7.88,11,6,SDN Communications -- Fort Randall Telephone Company -- Bluepeak -- South Dakota Wireless Internet -- Alliance Communications Cooperative Inc. -- Nextlink -- T-Mobile US -- Verizon -- Rise Broadband -- Midco -- CenturyLink,0,0,1,1
46027965900,6334,5413,186,154,165,8,110,21.4,45196,25,311,133,456,246,16,810,556,1944,554,1390,271,0,1756,94,94,1756,1756,1583,106,160,113,251,180,337,329,373,373,6056,0,16,44,218,7,85,2027,6189,1944,80,1,5241.56,6,4,Bluepeak -- Nextlink -- Verizon -- Rise Broadband -- Midco -- CenturyLink,0,0,1,1
46029954100,3483,3352,31,43,8,0,88,39.1,79596,18,936,37,427,147,40,76,89,1323,1080,243,448,0,1137,89,97,1146,1146,925,157,40,29,62,33,87,42,148,131,3448,0,0,16,19,19,0,2365,3285,1323,51,0,12.89,10,5,SDN Communications -- ITC -- RCTech -- Bluepeak -- T-Mobile US -- LTD Broadband -- GigFire -- Verizon -- Midco -- CenturyLink,0,0,1,1
46029954301,4639,4169,17,160,135,0,90,36.2,56541,19,1280,74,390,249,59,356,468,2199,1262,937,431,0,1800,216,183,1806,1806,1504,349,179,93,203,110,299,192,300,293,4502,0,20,48,69,69,30,2982,4506,2199,92,0,1887.82,8,5,SDN Communications -- Bluepeak -- T-Mobile US -- LTD Broadband -- GigFire -- Verizon -- Midco -- CenturyLink,0,0,1,1
46029954302,5091,4736,92,132,0,0,55,40.0,91455,55,776,170,569,207,34,66,194,2067,1613,454,706,0,1726,69,272,1736,1736,1462,263,41,21,108,52,141,62,193,72,4961,0,27,0,103,0,73,3467,4855,2067,91,0,1546.47,8,5,SDN Communications -- Bluepeak -- T-Mobile US -- LTD Broadband -- GigFire -- Verizon -- Midco -- CenturyLink,0,0,1,1
46029954401,2855,2516,26,13,6,0,390,34.5,52292,0,708,88,132,48,12,185,263,1231,630,601,342,0,1008,17,206,1008,1008,868,215,71,57,90,70,159,135,246,187,2495,71,51,6,232,47,0,2045,2592,1231,55,0,4083.48,8,5,SDN Communications -- Bluepeak -- T-Mobile US -- GigFire -- LTD Broadband -- Verizon -- Midco -- CenturyLink,0,0,1,1
46029954402,2485,2329,0,89,0,0,11,37.3,39162,72,845,123,97,0,0,155,93,1295,519,776,219,0,967,112,216,1001,1001,820,230,110,89,206,107,241,195,394,292,2471,0,5,6,3,3,0,1782,2296,1295,55,0,3262.54,8,5,SDN Communications -- Bluepeak -- T-Mobile US -- LTD Broadband -- GigFire -- Verizon -- Midco -- CenturyLink,0,0,1,1
46029954501,2785,2463,0,62,0,0,344,35.4,61406,19,634,115,199,62,10,195,403,1014,679,335,326,0,809,130,75,818,818,641,183,77,77,34,27,152,75,172,143,2781,0,0,4,0,0,0,1652,2629,1014,43,0,169.37,9,5,SDN Communications -- ITC -- Bluepeak -- T-Mobile US -- LTD Broadband -- GigFire -- Verizon -- Midco -- CenturyLink,0,0,1,1
46029954502,4651,4363,3,123,0,0,0,45.3,78458,0,1091,64,714,75,40,278,112,2118,1560,558,443,0,1954,70,94,1968,1968,1615,123,92,92,137,94,128,95,234,234,4638,0,13,0,0,0,0,3384,4435,2118,97,0,366.71,9,5,SDN Communications -- ITC -- Bluepeak -- T-Mobile US -- LTD Broadband -- GigFire -- Verizon -- Midco -- CenturyLink,0,0,1,1
46029954600,2413,2318,0,37,18,0,0,42.8,77321,20,685,59,193,32,15,28,99,918,825,93,295,0,806,50,62,808,808,474,85,17,6,29,5,162,150,97,74,2390,0,0,8,15,0,5,1664,2265,918,23,0,6.83,10,5,SDN Communications -- ITC -- RCTech -- Bluepeak -- T-Mobile US -- LTD Broadband -- GigFire -- Verizon -- Midco -- CenturyLink,0,0,1,1
46031941000,1617,703,0,850,0,0,7,33.9,50750,8,360,66,126,15,2,422,264,489,339,150,178,0,379,14,96,392,392,314,93,53,31,73,50,76,53,38,30,1615,0,2,0,0,0,0,965,1449,489,99,1,1.05,3,3,West River Cooperative Telephone Company -- West River Telecommunications Cooperative -- CRST Telephone Authority,0,1,1,1
46031941100,2289,398,4,1873,0,0,7,26.3,46111,17,289,82,172,47,0,556,445,582,265,317,277,0,388,33,161,425,425,423,143,63,23,88,44,109,80,40,30,2282,0,0,3,4,0,2,1174,2094,582,165,1,4.13,2,2,West River Telecommunications Cooperative -- Verizon,0,1,1,1
46033965100,6077,5446,9,131,16,0,307,56.3,74968,88,1477,136,842,471,81,216,194,2752,2527,225,561,30,2292,229,201,2344,2314,1819,370,94,74,143,70,296,210,335,225,5835,0,118,112,12,29,1,4968,5853,2752,83,1,3.78,5,2,Fort Randall Telephone Company -- Dubois Telephone Exchange Inc. -- Golden West Telecommunications -- T-Mobile US -- Midco,0,0,1,1
46033965200,2438,2283,23,50,28,0,55,57.2,78059,19,538,92,406,210,39,97,186,1110,788,322,282,0,893,121,96,897,897,837,182,33,4,116,40,151,146,49,34,2381,0,7,34,16,0,4,1973,2354,1110,26,1,79.11,2,1,Golden West Telecommunications -- T-Mobile US,0,0,1,1
46035962600,2570,2423,0,13,0,0,107,43.7,84583,23,587,37,311,44,7,98,107,965,780,185,318,4,857,42,62,862,858,666,87,24,23,62,30,112,93,79,64,2506,5,0,34,25,19,0,1771,2435,965,47,1,6.79,9,5,SDN Communications -- Midstate Communications -- Mitchell Telecom -- Golden West Telecommunications -- Santel -- T-Mobile US -- Verizon -- Midco -- CenturyLink,0,0,1,1
46035962700,5680,5261,46,108,0,0,104,46.2,50034,127,1299,133,794,96,28,355,494,2680,1583,1097,512,20,2130,192,338,2150,2130,1654,499,140,86,424,224,471,242,304,263,5673,0,0,3,4,0,57,4231,5354,2680,113,1,164.99,6,4,Mitchell Telecom -- Santel -- T-Mobile US -- Verizon -- Midco -- CenturyLink,0,0,1,1
46035962801,2720,2221,17,323,0,0,338,26.5,35944,0,391,113,344,100,0,202,745,1251,465,786,320,0,1003,160,88,1003,1003,842,227,16,16,253,101,301,275,244,204,2690,0,13,0,17,0,0,1530,2337,1251,63,0,3917.74,5,3,Mitchell Telecom -- T-Mobile US -- Verizon -- Midco -- CenturyLink,0,0,1,1
46035962802,3473,3357,0,6,7,0,83,36.2,65227,15,677,58,314,102,0,165,197,1376,1150,226,414,21,1308,10,37,1329,1308,1114,47,97,82,23,23,99,92,155,155,3394,0,13,16,50,50,0,2272,3211,1376,56,0,1321.43,5,3,Mitchell Telecom -- T-Mobile US -- Verizon -- Midco -- CenturyLink,0,0,1,1
46035962900,5523,4927,36,220,172,0,134,40.2,59559,162,1110,231,746,146,60,343,200,2176,1328,848,425,0,1804,113,259,1892,1892,1413,198,74,45,148,39,303,242,321,300,5264,0,43,73,143,92,16,3787,5373,2176,97,1,244.73,7,4,SDN Communications -- Mitchell Telecom -- Santel -- T-Mobile US -- Verizon -- Midco -- CenturyLink,0,0,1,1
46037952700,1498,1393,7,40,0,0,75,49.5,66250,11,427,14,179,19,11,75,93,680,540,140,175,0,584,47,49,586,586,489,77,3,1,58,46,95,77,123,101,1469,0,2,0,27,6,19,1111,1397,680,20,1,2.44,6,5,ITC -- Venture Communications Cooperative Inc. -- T-Mobile US -- Verizon -- James Valley Cooperative Telephone Company -- Midco,0,0,1,1
46037952800,2064,1989,0,30,1,0,43,41.7,52868,39,395,79,225,85,17,63,227,913,622,291,200,0,728,116,69,740,740,579,140,25,21,157,95,86,59,166,118,2038,11,0,14,1,11,7,1425,1964,913,35,1,96.55,5,4,ITC -- T-Mobile US -- Verizon -- James Valley Cooperative Telephone Company -- Midco,0,0,1,1
46037952900,1923,1351,0,472,3,0,17,51.4,56985,47,423,81,248,72,13,156,175,755,595,160,155,1,521,106,127,555,554,457,146,44,20,58,45,106,64,110,67,1920,0,3,0,0,0,2,1373,1801,755,64,1,4.93,8,7,ITC -- Venture Communications Cooperative Inc. -- T-Mobile US -- GigFire -- LTD Broadband -- Verizon -- James Valley Cooperative Telephone Company -- Midco,0,0,1,1
46039953600,2853,2661,3,10,0,0,158,41.2,77679,25,684,57,346,53,25,27,119,1193,966,227,401,14,971,93,115,994,980,766,162,34,13,81,44,112,77,114,85,2813,0,0,18,22,52,0,1944,2650,1193,25,1,4.63,9,5,ITC -- FARMERS MUTUAL TELEPHONE COMPANY -- RCTech -- MVTV Wireless -- T-Mobile US -- GigFire -- LTD Broadband -- Verizon -- Midco,0,0,1,1
46039953700,1445,1401,1,6,0,0,0,45.4,63846,18,282,16,221,45,0,75,23,602,447,155,191,0,492,33,77,492,492,415,102,13,13,59,15,65,38,90,82,1444,0,1,0,0,0,0,997,1392,602,14,1,94.96,2,1,ITC -- T-Mobile US,0,0,1,1
46041941500,2457,92,13,2264,0,30,38,22.9,47708,12,329,102,137,28,5,416,397,697,350,347,354,0,438,75,184,444,444,412,245,69,9,74,20,108,64,103,65,2446,0,0,0,11,0,7,1179,2199,697,261,1,194.89,2,2,CRST Telephone Authority -- Verizon,0,1,1,1
46041941700,2818,893,6,1819,3,0,16,30.8,57121,25,505,142,209,110,6,337,459,978,666,312,433,2,717,56,203,759,757,641,207,72,29,112,73,100,78,123,84,2802,0,2,2,12,1,5,1613,2496,978,175,1,1.72,5,3,SDN Communications -- West River Telecommunications Cooperative -- CRST Telephone Authority -- Verizon -- Wisp West| Celerity Internet,0,1,1,1
46043969600,2823,2653,47,42,0,0,59,41.6,75048,54,582,101,323,57,5,55,339,1077,834,243,292,0,899,59,119,904,904,679,153,41,29,80,45,117,82,141,121,2767,0,0,26,30,18,3,1894,2593,1077,29,1,6.57,4,3,Golden West Telecommunications -- Midstate Communications -- Verizon -- Santel,0,0,1,1
46045962100,2601,2519,2,55,3,0,50,39.6,86399,51,439,50,416,105,13,49,83,919,755,164,248,0,867,33,19,867,867,662,24,38,32,35,30,85,82,75,75,2569,0,4,14,14,25,1,1798,2355,919,16,1,4.57,7,5,Venture Communications Cooperative Inc. -- Valley FiberCom -- T-Mobile US -- Verizon -- James Valley Cooperative Telephone Company -- Midco -- CenturyLink,0,0,1,1
46045962200,1413,1308,12,10,1,0,22,51.8,62443,40,360,49,201,43,8,48,102,623,523,100,114,3,482,63,75,488,485,419,96,12,10,104,69,73,39,52,30,1394,0,0,15,4,0,16,1076,1354,623,15,1,2.6,6,5,Venture Communications Cooperative Inc. -- Valley FiberCom -- T-Mobile US -- Verizon -- James Valley Cooperative Telephone Company -- Midco,0,0,1,1
46047964100,2895,2464,0,123,0,0,221,53.3,58525,77,559,178,389,114,44,82,360,1271,1060,211,124,0,952,131,188,977,977,780,256,24,12,168,107,204,140,154,109,2808,60,0,25,2,60,12,2109,2748,1271,66,1,1.78,3,2,Golden West Telecommunications -- T-Mobile US -- Verizon,0,0,1,1
46047964200,4184,3574,0,438,72,0,62,56.2,52907,12,999,132,262,156,51,224,649,1950,1380,570,270,0,1645,106,199,1645,1645,1277,264,104,76,373,281,260,164,190,128,4055,0,21,25,83,0,51,3373,4003,1950,97,1,88.84,2,1,Golden West Telecommunications -- Verizon,0,0,1,1
46049961100,2140,2087,0,7,0,0,40,45.8,56734,33,385,43,198,116,0,95,399,765,637,128,195,0,648,31,86,658,658,536,81,19,15,110,79,97,84,115,97,2122,0,0,17,1,15,3,1440,2017,765,16,1,2.2,6,3,SDN Communications -- Venture Communications Cooperative Inc. -- Valley FiberCom -- T-Mobile US -- James Valley Cooperative Telephone Company -- CenturyLink,0,0,1,1
46051953100,5514,5062,14,17,43,0,338,45.3,68594,86,1074,331,724,275,70,327,281,2281,1785,496,544,0,1819,164,298,1834,1834,1465,397,140,58,150,74,358,182,254,213,5213,4,0,59,238,204,81,3959,5232,2281,54,1,30.3,6,3,ITC -- RCTech -- T-Mobile US -- Verizon -- Midco -- CenturyLink,0,0,1,1
46051953300,2019,1963,0,24,0,0,12,39.9,76034,69,560,41,139,25,3,36,80,750,684,66,212,32,607,79,32,639,607,426,64,20,15,22,12,44,28,116,96,1998,0,0,18,3,3,29,1298,1888,750,15,1,4.15,9,4,ITC -- FARMERS MUTUAL TELEPHONE COMPANY -- RCTech -- MVTV Wireless -- GigFire -- LTD Broadband -- Verizon -- Midco -- CenturyLink,0,0,1,1
46053971100,1815,1654,36,23,0,0,77,45.9,48529,28,385,59,145,60,16,27,135,738,569,169,164,8,598,47,85,612,604,436,105,29,7,102,73,136,108,112,82,1765,0,12,32,6,0,0,1290,1722,738,25,1,4.82,3,2,Golden West Telecommunications -- T-Mobile US -- Verizon,0,0,1,1
46053971200,2168,1869,0,201,5,8,0,45.6,48015,22,595,28,186,58,36,226,115,855,648,207,180,2,643,49,161,652,650,504,189,70,29,76,42,145,92,150,126,2166,0,0,0,2,0,2,1483,2004,855,18,1,3.45,5,3,Golden West Telecommunications -- Three River Communications LLC -- T-Mobile US -- Northeast Nebraska Telephone Company -- Verizon,0,0,1,1
46055960100,1755,1587,32,86,0,0,1,44.7,53109,3,568,12,187,17,0,101,82,709,540,169,165,10,465,160,74,484,474,453,198,70,5,79,17,54,46,112,81,1745,0,0,10,0,0,27,1233,1658,709,11,1,2.13,3,2,Golden West Telecommunications -- T-Mobile US -- Verizon,0,0,1,1
46057955100,2750,2547,11,20,12,0,133,37.6,78203,32,600,55,321,71,10,73,97,1034,888,146,343,5,827,111,91,842,837,660,142,25,14,41,24,132,95,99,79,2627,0,8,11,104,83,2,1782,2532,1034,28,1,14.39,9,5,ITC -- MCC_Georgia_LLC -- T-Mobile US -- LTD Broadband -- GigFire -- Verizon -- Midco -- Wisp West| Celerity Internet -- CenturyLink,0,0,1,1
46057955200,3446,3255,3,8,0,0,198,27.1,74299,85,730,53,252,122,5,27,248,1117,848,269,469,33,977,68,39,1015,982,652,96,9,0,36,31,133,101,139,123,3330,7,1,11,97,88,0,1837,3029,1117,27,1,10.69,8,3,ITC -- MCC_Georgia_LLC -- Valley FiberCom -- LTD Broadband -- GigFire -- Midco -- Wisp West| Celerity Internet -- CenturyLink,0,0,1,1
46059975600,1439,1286,4,0,0,0,127,42.8,87303,59,213,4,221,34,16,11,111,581,396,185,161,11,521,28,21,533,522,326,48,11,6,55,49,30,29,57,38,1399,0,0,0,40,0,0,935,1321,581,9,1,1.0,6,4,Venture Communications Cooperative Inc. -- Verizon -- James Valley Cooperative Telephone Company -- Midco -- Wisp West| Celerity Internet -- CenturyLink,0,0,1,1
46059975700,1636,1611,0,7,7,0,23,49.0,56607,21,364,35,206,45,11,33,77,805,562,243,161,0,659,57,89,669,669,533,133,18,18,108,59,174,148,78,63,1628,0,0,1,7,0,7,1188,1579,805,17,1,44.19,3,2,Midco -- Venture Communications Cooperative Inc. -- Wisp West| Celerity Internet,0,0,1,1
46061964100,3443,3215,0,0,0,0,1,37.3,86827,57,638,82,336,96,12,14,193,1106,966,140,341,1,987,62,56,992,991,794,98,16,10,57,47,67,54,149,138,3398,2,14,6,23,0,29,2121,3178,1106,26,1,7.89,7,5,TrioTel Communications INc -- Mitchell Telecom -- Santel -- T-Mobile US -- Verizon -- Midco -- CenturyLink,0,0,1,1
46063968700,1176,1010,0,25,0,0,23,45.1,71484,19,252,17,202,16,7,20,55,518,352,166,123,3,457,26,32,464,461,419,37,0,0,30,17,30,23,68,62,1156,0,7,4,9,0,0,863,1107,518,1,1,1.42,3,2,West River Cooperative Telephone Company -- Consolidated Communications Networks Inc. -- Verizon,0,0,1,1
46065977700,5778,5066,0,265,70,0,155,39.8,83452,3,670,42,1135,354,136,249,268,2669,1849,820,701,0,2527,87,55,2527,2527,2293,83,79,53,136,122,396,358,372,343,5649,0,17,62,50,0,47,3893,5500,2669,140,1,522.09,7,4,SDN Communications -- Venture Communications Cooperative Inc. -- T-Mobile US -- Verizon -- Midco -- Wisp West| Celerity Internet -- CenturyLink,0,0,1,1
46065977800,5475,4659,7,615,13,0,226,40.5,87463,11,945,449,685,165,125,187,187,2033,1760,273,777,0,1797,106,130,1797,1797,1589,219,66,41,181,72,87,73,190,157,5438,0,0,24,13,0,0,4011,5087,2033,116,1,328.26,7,4,SDN Communications -- Venture Communications Cooperative Inc. -- T-Mobile US -- Verizon -- Midco -- Wisp West| Celerity Internet -- CenturyLink,0,0,1,1
46065977900,3281,2410,0,478,5,0,189,36.6,66528,26,592,213,575,54,68,362,269,1509,807,702,566,0,1269,84,156,1269,1269,1137,211,116,111,85,48,249,139,143,129,3241,0,34,5,1,0,5,2263,3085,1509,80,1,547.26,7,4,SDN Communications -- Venture Communications Cooperative Inc. -- T-Mobile US -- Verizon -- Midco -- Wisp West| Celerity Internet -- CenturyLink,0,0,1,1
46065978000,3278,2477,1,692,0,0,35,38.1,96685,56,382,69,658,121,58,110,44,1185,1017,168,393,0,1009,79,97,1010,1010,777,154,10,8,43,40,93,60,119,82,3262,0,16,0,0,0,0,2129,3067,1185,68,1,4.66,5,3,Venture Communications Cooperative Inc. -- T-Mobile US -- Midco -- Wisp West| Celerity Internet -- CenturyLink,0,0,1,1
46067968600,3320,2948,0,21,52,0,117,41.8,68352,67,565,88,439,77,24,242,135,1235,990,245,327,8,963,102,162,981,973,811,182,56,25,120,55,119,77,163,125,3221,16,0,63,20,35,52,2212,3049,1235,37,1,10.02,6,3,SDN Communications -- TrioTel Communications INc -- Bluepeak -- Golden West Telecommunications -- Santel -- Verizon,0,0,1,1
46067968700,2589,2479,0,20,0,0,45,37.7,69250,63,564,53,278,113,39,104,146,1042,752,290,271,0,824,54,164,860,860,694,149,43,8,82,52,71,41,141,114,2567,0,4,7,11,11,17,1701,2364,1042,21,1,19.12,3,2,Fort Randall Telephone Company -- Verizon -- Santel,0,0,1,1
46067968800,1492,1413,0,3,0,0,25,48.1,70455,54,251,33,245,35,8,24,50,654,506,148,166,4,541,33,76,553,549,425,89,25,17,69,53,54,26,68,48,1484,0,3,0,5,0,39,1069,1368,654,26,1,4.37,6,4,Midstate Communications -- Fort Randall Telephone Company -- Golden West Telecommunications -- Santel -- T-Mobile US -- Verizon,0,0,1,1
46069976700,1319,1195,20,21,0,0,52,47.0,69712,22,286,24,163,37,2,41,44,541,421,120,151,0,461,31,49,468,468,431,65,17,6,12,11,69,52,74,62,1319,0,0,0,0,0,0,993,1233,541,14,1,1.62,4,3,SDN Communications -- Venture Communications Cooperative Inc. -- T-Mobile US -- Verizon,0,0,1,1
46071941200,1875,192,8,1628,8,0,0,28.7,24617,24,263,89,127,43,0,665,200,373,203,170,215,0,220,49,104,220,220,189,114,48,11,93,59,78,50,40,23,1859,0,0,0,16,0,65,1040,1705,373,247,1,1.99,2,1,Golden West Telecommunications -- Verizon,0,1,1,1
46071961100,963,736,0,169,9,0,23,38.8,33148,20,272,15,69,3,6,169,24,362,210,152,96,0,201,101,60,201,201,185,134,87,10,42,21,72,33,42,38,957,0,0,6,0,0,9,672,854,362,19,1,1.2,3,2,Golden West Telecommunications -- T-Mobile US -- Verizon,0,0,1,1
46073974100,1836,1667,0,28,0,0,135,50.5,66607,24,583,56,167,47,14,21,142,859,734,125,229,21,697,74,67,727,706,593,107,26,15,85,35,105,84,127,117,1772,0,4,23,37,17,4,1396,1751,859,20,1,3.44,5,5,Midstate Communications -- Venture Communications Cooperative Inc. -- Santel -- T-Mobile US -- Verizon,0,0,1,1
46075091600,1006,787,14,191,0,0,0,41.8,61250,0,207,25,173,49,3,65,84,381,288,93,112,6,315,22,38,321,315,280,50,9,2,13,7,71,52,40,40,1001,0,2,0,3,0,0,670,886,381,8,1,1.1,2,1,Golden West Telecommunications -- Verizon,0,0,1,1
46077958100,3003,2851,0,13,4,0,145,41.3,67042,31,639,58,369,90,8,129,150,1165,922,243,273,4,999,86,76,1004,1000,687,119,68,58,102,36,109,94,131,102,2972,9,4,14,4,6,2,2010,2833,1165,27,1,6.52,12,6,SDN Communications -- ITC -- Alliance Communications Cooperative Inc. -- MCC_Georgia_LLC -- Valley FiberCom -- T-Mobile US -- LTD Broadband -- GigFire -- Verizon -- Midco -- Wisp West| Celerity Internet -- CenturyLink,0,0,1,1
46077958200,2169,2085,0,43,2,0,2,44.2,61250,76,537,90,221,76,39,93,98,838,685,153,217,0,697,44,97,703,703,493,123,27,13,51,38,104,64,151,123,2161,0,0,2,6,0,0,1522,2000,838,24,1,5.73,10,4,SDN Communications -- ITC -- Alliance Communications Cooperative Inc. -- MCC_Georgia_LLC -- Valley FiberCom -- LTD Broadband -- GigFire -- Midco -- Wisp West| Celerity Internet -- CenturyLink,0,0,1,1
46079960100,2565,2419,0,0,12,0,124,47.6,92679,20,534,37,485,70,22,13,85,1045,941,104,240,0,930,49,66,933,933,723,60,10,6,41,22,139,121,96,74,2431,6,5,16,107,79,8,1904,2449,1045,25,1,6.11,11,7,ITC -- Verizon -- TrioTel Communications INc -- Alliance Communications Cooperative Inc. -- Valley FiberCom -- T-Mobile US -- GigFire -- LTD Broadband -- Interlakes Wireless LLC -- Midco -- CenturyLink,0,0,1,1
46079960201,2260,2028,21,45,0,0,44,42.6,52895,22,431,184,357,106,16,150,504,1114,441,673,167,29,922,88,75,951,922,870,143,124,124,195,139,172,125,52,32,2259,0,0,1,0,0,0,1597,2120,1114,48,0,313.65,10,5,SDN Communications -- Verizon -- Bluepeak -- NetFortris -- MCC_Georgia_LLC -- T-Mobile US -- GigFire -- LTD Broadband -- Interlakes Wireless LLC -- Midco,0,0,1,1
46079960202,4101,3976,7,89,0,4,141,36.1,72308,11,328,85,669,252,0,161,39,1360,1017,343,451,0,1316,30,14,1316,1316,1184,14,84,84,91,91,42,42,166,166,4054,0,12,30,5,10,0,2424,3839,1360,54,0,501.86,9,5,SDN Communications -- Verizon -- Bluepeak -- T-Mobile US -- GigFire -- LTD Broadband -- Interlakes Wireless LLC -- Midco -- CenturyLink,0,0,1,1
46079960300,2281,2064,14,115,0,0,5,53.9,100018,22,421,42,415,190,24,34,49,1033,941,92,179,8,920,82,23,928,920,655,82,26,21,31,24,54,50,89,71,2239,0,8,18,16,0,0,1812,2226,1033,23,1,17.38,10,5,SDN Communications -- ITC -- Verizon -- Golden West Telecommunications -- Valley FiberCom -- T-Mobile US -- LTD Broadband -- GigFire -- Interlakes Wireless LLC -- Midco,0,0,1,1
46081966101,3637,3409,3,16,59,0,128,51.1,85375,16,524,56,674,403,35,73,235,1384,1199,185,323,1,1223,65,95,1232,1231,969,121,42,11,85,55,99,91,115,110,3531,0,0,64,42,28,5,2747,3496,1384,65,0,18.56,6,3,Bluepeak -- T-Mobile US -- Verizon -- Midco -- Wisp West| Celerity Internet -- CenturyLink,0,0,1,1
46081966102,2599,2468,8,15,12,0,215,49.0,67500,54,556,167,364,176,4,118,15,1194,691,503,290,0,1006,35,153,1030,1030,871,145,17,17,76,76,247,126,109,103,2506,0,50,21,22,0,12,2049,2469,1194,50,0,47.22,6,2,SDN Communications -- Bluepeak -- Verizon -- Midco -- Wisp West| Celerity Internet -- CenturyLink,0,0,1,1
46081966200,4559,4043,68,168,0,27,82,46.7,53550,44,599,151,1068,393,63,253,372,2277,981,1296,500,0,1874,178,225,1911,1911,1686,241,91,91,311,181,327,273,381,245,4453,38,0,68,0,26,0,3524,4337,2277,102,1,2281.08,6,2,SDN Communications -- Bluepeak -- Verizon -- Midco -- Wisp West| Celerity Internet -- CenturyLink,0,0,1,1
46081966301,5744,5287,49,42,6,0,385,33.7,81417,18,528,131,1122,169,140,151,184,1984,1402,582,562,10,1865,76,33,1899,1889,1587,57,52,50,7,7,256,256,323,275,5444,0,24,75,201,160,8,3391,5496,1984,93,1,125.31,7,3,SDN Communications -- Bluepeak -- T-Mobile US -- Verizon -- Midco -- Wisp West| Celerity Internet -- CenturyLink,0,0,1,1
46081966303,3161,2623,1,113,71,0,88,34.2,57050,0,152,0,698,160,58,324,208,1494,848,646,247,0,1363,63,68,1402,1402,1126,83,25,0,292,292,175,146,127,127,3060,0,0,69,32,0,0,1798,3115,1494,59,0,55.36,6,3,Bluepeak -- T-Mobile US -- Verizon -- Midco -- Wisp West| Celerity Internet -- CenturyLink,0,0,1,1
46081966304,2101,2037,2,15,0,0,11,41.5,58769,10,552,24,142,25,32,68,46,990,703,287,217,0,859,35,96,881,881,788,42,0,0,113,46,196,154,90,90,2101,0,0,0,0,0,0,1561,2032,990,53,0,195.7,4,1,Bluepeak -- Midco -- Wisp West| Celerity Internet -- CenturyLink,0,0,1,1
46081966601,1307,1126,55,100,0,0,39,60.6,47813,4,386,84,102,108,46,245,137,658,637,21,27,18,541,20,79,582,564,326,76,58,17,70,48,151,137,64,47,1236,0,0,16,55,0,45,1035,1298,658,44,0,3.21,5,2,Bluepeak -- Verizon -- Midco -- Wisp West| Celerity Internet -- CenturyLink,0,0,1,1
46081966602,2939,2838,0,40,0,0,33,45.1,57644,3,712,239,404,79,0,137,228,1411,1021,390,197,0,1096,68,247,1097,1097,983,280,158,37,69,69,266,225,149,103,2885,0,54,0,0,0,0,2250,2818,1411,41,0,964.15,4,2,Bluepeak -- Midco -- Verizon -- CenturyLink,0,0,1,1
46083010103,6346,5231,604,47,34,0,238,29.7,91678,0,559,92,1255,265,37,272,286,2328,1931,397,1063,0,2253,63,12,2253,2253,2153,67,47,47,56,56,152,152,272,264,5758,0,11,293,284,0,18,3910,5731,2328,104,0,4920.12,6,4,Bluepeak -- T-Mobile US -- Verizon -- Rise Broadband -- Midco -- CenturyLink,0,0,1,1
46083010107,7390,6932,0,9,105,0,197,31.2,89439,0,891,295,1469,265,26,0,176,2744,2337,407,1337,0,2685,19,40,2685,2685,2511,40,22,22,16,1,120,95,268,249,7183,0,0,188,19,0,86,4567,6803,2744,85,0,382.67,8,5,SDN Communications -- Bluepeak -- Alliance Communications Cooperative Inc. -- T-Mobile US -- Verizon -- Rise Broadband -- Midco -- CenturyLink,0,0,1,1
46083010109,6357,5544,109,7,121,0,504,39.9,116121,7,518,0,1482,450,290,71,694,2430,1768,662,923,0,2338,63,29,2338,2338,2125,55,49,49,131,120,312,296,175,158,5971,0,32,165,189,132,15,3959,6114,2430,38,0,2125.71,8,4,SDN Communications -- Bluepeak -- Voyant Communications -- T-Mobile US -- Verizon -- Rise Broadband -- Midco -- CenturyLink,0,0,1,1
46083010110,6969,6704,0,3,22,0,133,31.9,78590,0,1049,5,1092,482,80,349,285,2821,1098,1723,1135,0,2728,22,71,2799,2799,2678,22,151,151,91,91,81,81,255,255,6147,0,0,19,803,56,245,4505,6484,2821,48,0,1790.86,7,4,SDN Communications -- Bluepeak -- T-Mobile US -- Verizon -- Rise Broadband -- Midco -- CenturyLink,0,0,1,1
46083010111,3359,3319,12,0,0,0,13,51.4,123875,0,677,48,1088,171,192,25,47,1375,1129,246,343,0,1349,18,8,1349,1349,1250,19,0,0,80,80,6,6,93,93,3184,0,0,175,0,0,0,2473,3305,1375,23,0,2276.97,7,4,SDN Communications -- Bluepeak -- T-Mobile US -- Verizon -- Rise Broadband -- Midco -- CenturyLink,0,0,1,1
46083010112,6215,5207,425,4,430,0,0,35.8,97635,0,911,90,1107,664,110,506,71,2690,1799,891,929,0,2644,0,46,2644,2644,2421,46,130,130,40,40,176,176,393,347,5772,0,13,257,173,0,109,4055,5721,2690,44,0,3770.85,7,4,SDN Communications -- Bluepeak -- T-Mobile US -- Verizon -- Rise Broadband -- Midco -- CenturyLink,0,0,1,1
46083010113,3219,2848,148,0,155,0,165,39.5,72955,0,342,50,638,296,176,0,132,1674,896,778,260,8,1622,32,12,1630,1622,1358,44,0,0,34,34,196,176,330,316,3023,0,0,172,24,16,0,2369,3049,1674,29,0,562.6,8,4,SDN Communications -- Bluepeak -- MCC_Georgia_LLC -- T-Mobile US -- Verizon -- Rise Broadband -- Midco -- CenturyLink,0,0,1,1
46083010114,3255,3106,0,30,60,0,9,44.9,135481,34,536,49,530,245,64,20,91,1201,1146,55,471,0,1146,5,50,1150,1150,908,51,9,9,51,34,77,58,20,5,3159,0,9,34,53,15,12,2226,3074,1201,29,0,34.01,8,5,SDN Communications -- Bluepeak -- Alliance Communications Cooperative Inc. -- T-Mobile US -- Verizon -- Rise Broadband -- Midco -- CenturyLink,0,0,1,1
46083010115,7177,6617,141,10,73,0,189,31.1,102007,20,695,108,1230,295,94,46,277,2371,1768,603,1402,0,2279,52,40,2291,2291,2080,70,0,0,145,145,51,40,116,99,6977,0,32,151,17,76,0,4256,6530,2371,97,0,237.69,8,5,SDN Communications -- Bluepeak -- Alliance Communications Cooperative Inc. -- T-Mobile US -- Verizon -- Rise Broadband -- Midco -- CenturyLink,0,0,1,1
46083010116,3825,3656,0,0,68,0,0,41.3,150000,0,272,28,1007,391,180,14,11,1384,1129,255,623,0,1233,119,32,1265,1265,1209,0,14,14,11,11,121,25,73,73,3791,0,0,0,34,0,0,2506,3600,1384,25,0,1929.24,7,4,SDN Communications -- Bluepeak -- T-Mobile US -- Verizon -- Rise Broadband -- Midco -- CenturyLink,0,0,1,1
46083010200,3633,3425,0,55,7,0,19,44.5,74100,33,861,111,415,91,17,174,148,1528,1099,429,482,0,1249,145,134,1298,1298,1126,185,43,16,11,0,200,163,214,202,3562,0,51,20,0,0,0,2610,3456,1528,41,1,84.68,8,5,Bluepeak -- Alliance Communications Cooperative Inc. -- MCC_Georgia_LLC -- T-Mobile US -- Verizon -- Rise Broadband -- Midco -- CenturyLink,0,0,1,1
46083010300,5063,4603,65,25,0,0,165,38.4,79351,9,1078,268,512,179,22,185,192,1983,1622,361,715,6,1758,119,100,1771,1765,1348,157,55,31,107,51,181,143,235,221,5006,0,14,23,20,14,4,3381,4817,1983,49,1,46.33,8,5,SDN Communications -- Bluepeak -- Alliance Communications Cooperative Inc. -- T-Mobile US -- Verizon -- Rise Broadband -- Midco -- CenturyLink,0,0,1,1
46083010400,2993,2837,0,4,0,8,125,40.7,85556,20,567,136,367,65,0,44,85,1168,967,201,310,0,1104,40,24,1104,1104,730,49,23,20,57,38,105,87,125,122,2879,8,30,11,65,65,26,2086,2788,1168,26,1,10.8,10,5,Community Internet Service -- Fort Randall Telephone Company -- Bluepeak -- Alliance Communications Cooperative Inc. -- Beresford Municipal Telephone Company -- T-Mobile US -- Verizon -- Rise Broadband -- Midco -- CenturyLink,0,0,1,1
46085940100,1740,138,0,1568,7,0,23,24.5,33750,12,308,55,23,58,2,458,343,370,128,242,174,0,235,60,75,250,236,143,109,59,20,69,17,61,48,44,29,1720,0,3,0,17,0,18,860,1555,370,288,1,5.85,4,2,Golden West Telecommunications -- Kennebec Telephone Company Inc. -- Midstate Communications -- Wisp West| Celerity Internet,0,1,1,1
46085972600,1979,1867,0,78,0,0,22,48.7,70147,14,537,45,368,86,0,58,60,834,677,157,184,0,718,58,58,722,722,560,97,29,18,68,38,75,48,70,64,1956,0,7,0,16,42,0,1457,1854,834,40,1,1.5,6,4,Midstate Communications -- Kennebec Telephone Company Inc. -- Golden West Telecommunications -- T-Mobile US -- Verizon -- Wisp West| Celerity Internet,0,0,1,1
46087964600,3236,3090,3,52,0,0,135,40.5,75795,101,682,51,405,114,6,171,157,1257,996,261,377,4,1098,89,66,1111,1107,875,106,38,26,66,37,108,79,146,138,3223,0,2,8,3,2,7,2120,2981,1257,19,1,11.12,8,6,Verizon -- TrioTel Communications INc -- Golden West Telecommunications -- T-Mobile US -- LTD Broadband -- GigFire -- Interlakes Wireless LLC -- Rise Broadband,0,0,1,1
46087964700,2478,2353,12,11,0,0,118,38.0,73984,25,522,23,325,128,34,103,33,961,824,137,255,0,805,74,82,808,808,558,130,36,12,61,24,70,52,116,98,2425,0,5,21,27,35,9,1592,2270,961,20,1,8.53,8,4,TrioTel Communications INc -- Bluepeak -- Golden West Telecommunications -- MCC_Georgia_LLC -- T-Mobile US -- Verizon -- Rise Broadband -- Leap Communications LLC,0,0,1,1
46089963100,2251,2155,42,4,6,2,23,50.9,58529,187,487,135,273,58,0,145,134,872,685,187,162,3,621,73,175,624,621,536,224,50,13,113,56,146,98,73,54,2229,0,0,6,16,4,67,1663,2120,872,21,1,2.25,4,2,James Valley Cooperative Telephone Company -- Valley FiberCom -- T-Mobile US -- Dickey Rural Telephone Coop,0,0,1,1
46091950800,4363,3715,7,278,0,0,373,43.7,74018,123,958,66,608,68,5,137,182,1669,1311,358,374,4,1333,190,142,1350,1346,1216,300,61,33,77,48,183,114,222,173,4213,0,12,32,106,93,12,3029,4068,1669,41,1,5.22,7,5,RCTech -- Red River Communications -- Venture Communications Cooperative Inc. -- T-Mobile US -- Verizon -- James Valley Cooperative Telephone Company -- Dickey Rural Telephone Coop,0,0,1,1
46093020200,1985,1473,216,0,78,30,221,21.7,62145,0,87,0,170,103,0,44,0,429,0,429,241,0,393,29,7,400,400,369,20,23,23,0,0,15,15,85,85,1790,31,84,45,35,0,38,531,1856,429,5,1,335.5,0,0,0,0,0,0,0
46093020302,6415,5727,15,102,0,0,314,44.4,97188,1,1053,501,1058,166,98,469,136,2314,2130,184,723,0,2164,62,88,2189,2189,1538,80,62,62,137,137,179,141,109,109,6254,0,52,0,109,0,80,4883,6214,2314,99,0,16.37,9,4,SDN Communications -- Western Communications Inc. -- Bluepeak -- West River Cooperative Telephone Company -- T-Mobile US -- Verizon -- Midco -- Wisp West| Celerity Internet -- CenturyLink,0,0,1,1
46093020303,6886,6169,34,91,76,0,351,40.2,78636,13,957,240,996,210,138,204,93,2813,2506,307,847,0,2589,76,148,2617,2617,2124,166,44,44,122,102,334,270,238,231,6581,26,69,152,58,69,0,4935,6497,2813,72,0,227.97,6,2,Western Communications Inc. -- Bluepeak -- Verizon -- Midco -- Wisp West| Celerity Internet -- CenturyLink,0,0,1,1
46093020304,1691,1510,28,101,0,0,17,37.4,90278,7,270,63,279,38,0,44,57,586,434,152,239,0,484,77,25,484,484,295,88,8,5,20,20,52,46,81,64,1639,0,19,33,0,0,0,1079,1556,586,18,0,24.12,6,2,Western Communications Inc. -- Bluepeak -- Verizon -- Midco -- Wisp West| Celerity Internet -- CenturyLink,0,0,1,1
46093020401,3161,3013,0,0,9,0,96,41.5,50379,2,490,143,334,130,20,139,142,1354,860,494,400,0,988,183,183,1005,1005,847,250,103,28,94,46,174,99,301,244,3145,0,7,9,0,0,0,2279,2964,1354,66,0,227.46,5,2,SDN Communications -- Bluepeak -- Verizon -- Midco -- CenturyLink,0,0,1,1
46093020402,4193,3861,119,37,44,0,12,43.2,49348,0,947,204,441,168,0,139,82,1880,1245,635,382,8,1399,87,386,1458,1450,1169,393,167,61,126,41,373,204,322,322,4107,0,19,3,64,21,49,3038,4053,1880,85,0,1024.95,8,3,SDN Communications -- Bluepeak -- City of Faith Municipal Telephone Company -- T-Mobile US -- Verizon -- Midco -- Wisp West| Celerity Internet -- CenturyLink,0,0,1,1
46093020500,5639,4704,133,338,15,0,349,31.1,68346,16,651,182,920,111,9,266,341,2044,1155,889,766,0,1773,81,190,1789,1789,1576,206,105,74,114,48,199,145,311,297,5538,44,48,3,6,34,0,3454,5356,2044,113,1,2.93,10,4,Western Communications Inc. -- Bluepeak -- Golden West Telecommunications -- City of Faith Municipal Telephone Company -- West River Cooperative Telephone Company -- T-Mobile US -- Verizon -- Midco -- Wisp West| Celerity Internet -- CenturyLink,0,0,1,1
46095940300,1989,640,5,1250,0,5,13,36.3,41397,14,405,103,115,29,5,548,387,621,351,270,199,2,381,80,158,393,387,282,201,104,38,56,9,118,43,73,42,1989,0,0,0,0,0,0,1248,1861,621,112,1,1.47,3,2,Golden West Telecommunications -- Kennebec Telephone Company Inc. -- Verizon,0,1,1,1
46097961600,2312,2214,13,31,10,0,67,48.8,62037,62,653,61,224,36,3,154,82,910,738,172,241,0,686,156,68,697,697,541,161,66,41,80,50,104,77,131,103,2303,0,9,0,0,0,5,1661,2201,910,31,1,4.02,5,4,TrioTel Communications INc -- Alliance Communications Cooperative Inc. -- Santel -- Midco -- Wisp West| Celerity Internet,0,0,1,1
46099000100,5207,3688,354,693,93,7,264,33.4,59485,58,816,542,467,99,25,248,368,1541,915,626,487,0,1331,174,36,1331,1331,1131,177,66,56,83,52,175,90,353,285,4828,3,28,191,157,45,44,3553,4934,1541,263,0,565.26,8,4,SDN Communications -- Bluepeak -- MCC_Georgia_LLC -- T-Mobile US -- Verizon -- Rise Broadband -- Midco -- CenturyLink,0,0,1,1
46099000201,4511,3522,325,236,50,0,465,35.8,55179,67,933,176,545,205,18,355,648,2052,838,1214,467,9,1597,108,338,1612,1603,1240,341,132,91,321,168,196,76,309,291,3823,25,25,311,327,156,103,3189,4323,2052,249,0,4073.42,7,4,SDN Communications -- MCC_Georgia_LLC -- T-Mobile US -- Verizon -- Rise Broadband -- Midco -- CenturyLink,0,0,1,1
46099000202,2755,1552,787,158,107,0,138,31.4,58716,38,488,98,147,42,0,102,244,1204,372,832,458,0,1037,56,111,1037,1037,774,135,51,17,140,99,130,111,179,172,2018,0,21,356,360,7,149,1707,2496,1204,151,0,1411.77,7,4,SDN Communications -- Bluepeak -- T-Mobile US -- Verizon -- Rise Broadband -- Midco -- CenturyLink,0,0,1,1
46099000300,3324,2369,343,11,92,0,546,35.4,47125,73,786,161,200,26,0,286,436,1543,1013,530,420,0,1236,122,185,1236,1236,917,253,54,42,232,108,292,228,207,165,2692,0,0,271,361,247,159,2268,3160,1543,194,0,2406.79,6,4,SDN Communications -- T-Mobile US -- Verizon -- Rise Broadband -- Midco -- CenturyLink,0,0,1,1
46099000401,2846,1923,582,14,161,0,91,35.0,75075,0,630,99,241,71,7,72,19,1024,807,217,288,9,933,62,20,953,933,793,45,38,30,0,0,102,86,107,99,2452,0,0,305,89,0,58,1759,2575,1024,135,0,3786.72,6,4,Bluepeak -- T-Mobile US -- Verizon -- Rise Broadband -- Midco -- CenturyLink,0,0,1,1
46099000405,5631,2430,1243,156,713,0,568,31.3,75926,80,827,39,603,167,0,310,503,1971,1102,869,898,0,1593,234,144,1616,1616,1158,205,136,72,40,22,238,193,339,259,3983,0,13,851,784,239,753,3325,5018,1971,144,0,3913.72,6,4,SDN Communications -- T-Mobile US -- Verizon -- Rise Broadband -- Midco -- CenturyLink,0,0,1,1
46099000406,3018,2408,137,49,0,0,169,30.8,49730,0,525,167,317,140,20,211,586,1281,747,534,372,6,1146,58,71,1183,1177,922,64,63,36,140,105,295,279,148,142,2872,0,0,57,89,25,8,1859,2726,1281,143,0,5473.39,6,4,Bluepeak -- T-Mobile US -- Verizon -- Rise Broadband -- Midco -- CenturyLink,0,0,1,1
46099000407,4421,2917,1208,0,19,0,258,33.9,55967,97,1087,70,305,70,21,232,429,1918,740,1178,703,0,1668,139,111,1668,1668,1348,222,94,78,159,64,344,325,271,230,3380,0,2,378,661,37,290,3029,4083,1918,119,0,3647.68,7,4,SDN Communications -- Bluepeak -- T-Mobile US -- Verizon -- Rise Broadband -- Midco -- CenturyLink,0,0,1,1
46099000408,4422,2397,508,416,346,0,535,32.5,75563,41,622,80,476,187,19,83,502,1483,917,566,570,0,1380,89,14,1380,1380,1186,61,38,38,105,91,120,109,196,171,3526,0,31,303,562,192,314,2497,4089,1483,174,0,1433.33,8,5,SDN Communications -- Bluepeak -- Alliance Communications Cooperative Inc. -- T-Mobile US -- Verizon -- Rise Broadband -- Midco -- CenturyLink,0,0,1,1
46099000500,3428,2515,492,164,12,0,111,38.7,47054,28,734,112,353,280,41,165,294,1621,834,787,254,0,1419,122,80,1419,1419,1038,83,74,52,140,83,394,312,295,284,2804,0,21,454,149,90,46,2431,3247,1621,182,0,3371.54,8,4,SDN Communications -- Bluepeak -- Fusion -- T-Mobile US -- Verizon -- Rise Broadband -- Midco -- CenturyLink,0,0,1,1
46099000600,2204,1942,70,22,28,0,181,37.4,56500,0,394,28,508,158,14,140,94,1220,289,931,204,0,997,121,102,997,997,747,86,77,34,60,23,155,133,253,244,2080,0,15,70,39,16,29,1651,2140,1220,131,0,6348.01,8,4,SDN Communications -- Bluepeak -- MCC_Georgia_LLC -- T-Mobile US -- Verizon -- Rise Broadband -- Midco -- CenturyLink,0,0,1,1
46099000701,1906,1304,416,70,25,0,95,32.6,46484,16,218,41,553,113,61,99,142,1383,266,1117,127,0,1132,194,57,1148,1148,1060,138,100,57,126,83,252,197,270,187,1454,0,48,234,170,75,92,1511,1840,1383,136,0,5111.87,7,3,SDN Communications -- Bluepeak -- MCC_Georgia_LLC -- Verizon -- Rise Broadband -- Midco -- CenturyLink,0,0,1,1
46099000702,2977,2261,206,141,0,0,253,39.3,41105,20,614,130,192,55,27,324,241,1364,603,761,328,0,1170,70,124,1170,1170,946,194,107,93,160,70,267,208,227,196,2712,0,46,82,137,18,12,2283,2910,1364,184,0,8904.79,7,4,Bluepeak -- MCC_Georgia_LLC -- T-Mobile US -- Verizon -- Rise Broadband -- Midco -- CenturyLink,0,0,1,1
46099000900,3287,2165,343,141,62,0,324,35.1,54000,22,675,35,235,116,0,74,234,1454,810,644,352,0,1204,85,165,1229,1229,1039,215,8,8,72,47,288,206,310,251,3012,0,13,133,129,71,134,2186,3036,1454,207,0,4708.14,7,3,SDN Communications -- Bluepeak -- MCC_Georgia_LLC -- T-Mobile US -- Rise Broadband -- Midco -- CenturyLink,0,0,1,1
46099001001,3962,2970,341,31,8,55,946,36.1,70291,52,658,230,416,31,32,450,215,1534,1160,374,494,0,1419,70,45,1419,1419,1169,90,113,86,66,66,135,112,89,61,3587,10,52,88,225,135,28,2582,3671,1534,111,0,1451.25,7,4,SDN Communications -- Bluepeak -- T-Mobile US -- Verizon -- Rise Broadband -- Midco -- CenturyLink,0,0,1,1
46099001002,6298,3715,749,91,79,0,1603,29.4,56925,13,1180,65,589,174,13,144,626,2508,1135,1373,715,0,2285,163,60,2285,2285,1949,91,144,144,85,25,403,384,355,340,5022,0,0,201,1075,291,84,3893,5516,2508,118,0,3876.49,7,4,SDN Communications -- Bluepeak -- T-Mobile US -- Verizon -- Rise Broadband -- Midco -- CenturyLink,0,0,1,1
46099001105,7555,6536,187,0,424,0,187,33.1,87840,0,927,110,1376,521,15,221,188,2844,2262,582,1194,0,2746,46,52,2764,2764,2496,34,41,22,124,124,265,265,214,199,6788,0,94,481,192,0,147,4988,6885,2844,132,0,4965.07,5,3,Bluepeak -- T-Mobile US -- Rise Broadband -- Midco -- CenturyLink,0,0,1,1
46099001107,3992,3629,30,69,0,0,187,35.7,72500,20,592,133,678,126,64,54,151,1590,1102,488,443,0,1382,132,76,1382,1382,1234,111,36,23,84,76,160,122,209,129,3908,0,11,10,63,18,0,2641,3584,1590,74,0,3542.78,7,4,SDN Communications -- Bluepeak -- T-Mobile US -- Verizon -- Rise Broadband -- Midco -- CenturyLink,0,0,1,1
46099001108,5678,5086,266,25,83,0,336,38.3,78393,37,1088,214,691,373,25,118,172,2467,1531,936,650,0,2117,156,194,2131,2131,1978,164,73,43,136,69,308,209,381,338,5373,0,38,144,123,73,70,4184,5256,2467,111,0,6611.99,6,4,Bluepeak -- T-Mobile US -- Verizon -- Rise Broadband -- Midco -- CenturyLink,0,0,1,1
46099001109,1690,1333,101,8,19,0,46,40.2,37091,59,518,95,187,51,25,33,292,1036,0,1036,79,0,848,108,80,848,848,778,130,40,21,197,174,235,102,238,238,1590,0,69,0,31,0,12,1241,1547,1036,44,0,1177.26,8,4,SDN Communications -- Bluepeak -- MCC_Georgia_LLC -- T-Mobile US -- Verizon -- Rise Broadband -- Midco -- CenturyLink,0,0,1,1
46099001110,3112,2376,37,289,42,0,487,31.3,40403,3,383,50,421,123,12,276,191,1761,186,1575,333,0,1355,284,122,1355,1355,1100,309,164,164,147,47,441,325,326,239,2883,0,1,93,135,73,69,1938,2793,1761,91,0,3329.98,7,4,SDN Communications -- Bluepeak -- T-Mobile US -- Verizon -- Rise Broadband -- Midco -- CenturyLink,0,0,1,1
46099001111,6484,6050,94,0,73,0,122,40.8,127550,5,493,10,1245,482,120,55,5,2433,2125,308,984,0,2388,45,0,2388,2388,2182,45,12,12,0,0,224,224,126,100,6236,0,73,87,88,80,0,4389,5998,2433,122,0,3509.04,6,4,Bluepeak -- T-Mobile US -- Verizon -- Rise Broadband -- Midco -- CenturyLink,0,0,1,1
46099001112,5568,5020,165,0,36,0,82,33.4,100290,0,383,41,1284,154,36,64,108,2104,1425,679,992,0,2080,8,16,2096,2096,1947,8,33,33,8,8,89,81,274,274,5359,63,0,93,53,0,20,3415,5203,2104,93,0,5121.34,6,4,Bluepeak -- T-Mobile US -- Verizon -- Rise Broadband -- Midco -- CenturyLink,0,0,1,1
46099001200,4496,3728,598,17,17,0,62,48.6,66530,7,422,39,982,223,185,310,144,2034,1312,722,547,0,1816,51,167,1844,1844,1586,150,94,77,260,137,252,227,280,280,4097,3,10,17,369,0,166,3191,4183,2034,132,0,2572.81,8,4,SDN Communications -- Bluepeak -- MCC_Georgia_LLC -- T-Mobile US -- Verizon -- Rise Broadband -- Midco -- CenturyLink,0,0,1,1
46099001501,3266,2642,143,136,275,0,25,31.5,51953,17,571,110,426,193,45,181,164,1506,504,1002,323,0,1428,72,6,1428,1428,1241,6,64,64,56,56,314,308,187,187,3003,0,14,126,123,2,82,2335,3129,1506,62,0,3234.19,7,4,SDN Communications -- Bluepeak -- T-Mobile US -- Verizon -- Rise Broadband -- Midco -- CenturyLink,0,0,1,1
46099001502,2155,1822,38,66,12,0,136,26.3,69495,0,329,64,358,80,0,40,15,745,387,358,230,0,696,19,30,696,696,585,49,28,6,20,12,102,102,92,78,2081,0,0,17,57,51,3,1154,2072,745,77,0,6506.14,7,4,Bluepeak -- MCC_Georgia_LLC -- T-Mobile US -- Verizon -- Rise Broadband -- Midco -- CenturyLink,0,0,1,1
46099001600,3135,2999,16,0,52,0,47,37.7,107557,0,225,17,644,496,99,43,30,1345,1125,220,417,0,1306,25,14,1315,1315,1212,5,10,10,30,30,154,154,132,127,3064,0,0,71,0,14,0,2164,2918,1345,57,0,4329.57,7,4,SDN Communications -- Bluepeak -- T-Mobile US -- Verizon -- Rise Broadband -- Midco -- CenturyLink,0,0,1,1
46099001700,2123,1881,11,4,20,0,2,37.5,75526,3,204,68,421,131,5,43,14,888,729,159,233,0,847,19,22,847,847,754,41,18,18,24,20,69,53,111,96,2098,0,6,7,12,0,0,1475,1990,888,40,0,3136.83,5,3,Bluepeak -- T-Mobile US -- Verizon -- Midco -- CenturyLink,0,0,1,1
46099001801,6869,5472,634,275,63,0,176,41.5,64527,23,773,256,1178,568,49,527,106,2951,1796,1155,976,0,2791,57,103,2791,2791,2516,160,77,64,92,77,509,481,301,284,6361,0,60,236,212,76,64,4561,6432,2951,306,0,4604.07,7,4,SDN Communications -- Bluepeak -- T-Mobile US -- Verizon -- Rise Broadband -- Midco -- CenturyLink,0,0,1,1
46099001804,4376,3974,221,13,29,0,119,34.5,76513,56,682,56,833,127,12,85,410,1653,1301,352,686,0,1488,38,127,1488,1488,1295,165,37,26,17,17,216,145,274,274,4187,0,26,113,50,27,57,2842,3820,1653,133,0,5698.82,6,4,Bluepeak -- T-Mobile US -- Verizon -- Rise Broadband -- Midco -- CenturyLink,0,0,1,1
46099001805,3954,3322,36,0,173,0,156,42.5,118333,8,540,33,950,212,236,65,25,1384,1346,38,522,0,1345,39,0,1345,1345,1315,0,25,25,28,13,0,0,133,133,3673,0,0,234,47,48,117,2628,3792,1384,146,0,5350.9,5,3,Bluepeak -- T-Mobile US -- Verizon -- Midco -- CenturyLink,0,0,1,1
46099001806,4828,4172,250,14,113,0,283,34.6,67174,27,513,140,997,326,72,126,376,2160,1201,959,648,0,1987,93,80,1987,1987,1720,93,47,17,296,220,186,171,213,213,4486,0,28,237,77,0,104,3116,4645,2160,114,0,2707.6,7,4,SDN Communications -- Bluepeak -- T-Mobile US -- Verizon -- Rise Broadband -- Midco -- CenturyLink,0,0,1,1
46099001901,2205,1889,101,76,56,0,5,46.8,68480,0,293,18,419,194,58,155,25,1023,750,273,210,3,944,38,38,947,944,898,58,32,32,23,23,121,97,239,227,2147,0,18,40,0,0,6,1591,2026,1023,34,0,4613.59,6,3,SDN Communications -- Bluepeak -- T-Mobile US -- Rise Broadband -- Midco -- CenturyLink,0,0,1,1
46099001902,5155,5103,0,0,20,0,80,47.1,117845,0,304,47,1341,654,195,46,125,2030,1742,288,554,0,1989,18,23,1989,1989,1674,34,23,23,67,67,148,137,73,73,5143,0,0,12,0,0,0,3793,4697,2030,169,0,1849.36,7,4,SDN Communications -- Bluepeak -- T-Mobile US -- Verizon -- Rise Broadband -- Midco -- CenturyLink,0,0,1,1
46099010101,4882,4512,23,198,0,0,32,38.3,84297,29,896,115,646,133,22,40,64,1841,1485,356,629,6,1694,81,60,1705,1699,1487,108,32,25,49,42,107,63,270,230,4849,0,25,2,6,0,8,3286,4477,1841,53,1,29.64,9,7,Golden West Telecommunications -- Alliance Communications Cooperative Inc. -- T-Mobile US -- LTD Broadband -- GigFire -- Verizon -- Rise Broadband -- Midco -- CenturyLink,0,0,1,1
46099010102,4526,4357,0,37,0,0,161,38.4,86489,41,729,93,769,271,50,122,220,1706,1374,332,631,0,1565,51,90,1565,1565,1341,116,48,37,69,31,113,67,179,170,4474,0,18,9,25,5,0,3096,4271,1706,32,1,192.28,5,4,Golden West Telecommunications -- T-Mobile US -- LTD Broadband -- GigFire -- Verizon,0,0,1,1
46099010200,2762,2701,9,14,5,0,9,40.3,100288,13,509,67,496,134,21,80,78,1009,866,143,345,8,886,49,66,896,888,692,75,29,16,41,22,36,23,65,44,2734,0,3,19,6,0,0,1801,2605,1009,22,1,12.98,9,7,Interlakes Wireless LLC -- Golden West Telecommunications -- Alliance Communications Cooperative Inc. -- T-Mobile US -- LTD Broadband -- GigFire -- Verizon -- Rise Broadband -- Midco,0,0,1,1
46099010300,7266,6753,28,33,21,0,134,34.9,99388,20,888,122,1344,188,34,74,69,2491,2169,322,1162,0,2152,261,78,2152,2152,1805,187,40,31,41,33,130,77,123,97,7128,0,39,37,62,2,2,4644,6670,2491,45,1,49.26,11,7,Bluepeak -- Golden West Telecommunications -- Alliance Communications Cooperative Inc. -- T-Mobile US -- LTD Broadband -- GigFire -- Verizon -- Rise Broadband -- Midco -- Leap Communications LLC -- CenturyLink,0,0,1,1
46099010401,5473,5013,51,25,44,0,183,32.7,120724,11,413,16,1198,429,174,67,60,2075,1367,708,732,0,1930,113,32,1930,1930,1852,53,34,34,54,15,107,107,74,74,5375,0,0,68,30,0,12,3303,5017,2075,118,0,696.78,7,5,Bluepeak -- Alliance Communications Cooperative Inc. -- T-Mobile US -- Verizon -- Rise Broadband -- Midco -- CenturyLink,0,0,1,1
46099010402,2454,2296,20,24,13,0,14,47.0,109375,15,521,33,344,71,47,9,45,885,747,138,262,0,828,39,18,828,828,715,23,0,0,26,10,25,24,95,77,2397,0,8,26,23,0,42,1727,2368,885,25,1,33.56,6,4,Bluepeak -- Alliance Communications Cooperative Inc. -- T-Mobile US -- Verizon -- Midco -- CenturyLink,0,0,1,1
46099010403,3435,3217,0,0,0,0,163,34.5,134864,6,210,50,718,255,94,1,0,1035,954,81,558,0,1015,11,9,1015,1015,956,16,1,1,0,0,8,8,47,42,3351,0,14,0,70,0,0,2052,3154,1035,42,0,233.8,6,5,Alliance Communications Cooperative Inc. -- T-Mobile US -- Verizon -- Rise Broadband -- Midco -- CenturyLink,0,0,1,1
46099010404,4632,3939,142,81,12,0,317,40.8,99795,0,786,115,696,221,39,85,52,1676,1562,114,488,0,1506,111,59,1507,1506,1352,141,7,7,47,25,138,57,127,116,4419,0,24,59,130,24,39,3106,4184,1676,112,0,64.95,10,7,SDN Communications -- Golden West Telecommunications -- Alliance Communications Cooperative Inc. -- T-Mobile US -- GigFire -- LTD Broadband -- Verizon -- Rise Broadband -- Midco -- CenturyLink,0,0,1,1
46099010405,5652,4626,416,37,196,4,214,31.3,68952,0,682,166,937,232,40,231,151,2443,1447,996,656,8,2311,54,70,2343,2335,2079,88,137,91,80,72,312,297,215,208,5098,4,71,199,280,60,107,3704,5268,2443,190,0,530.97,7,4,SDN Communications -- Bluepeak -- T-Mobile US -- Verizon -- Rise Broadband -- Midco -- CenturyLink,0,0,1,1
46099010406,5107,4598,150,93,116,0,191,32.6,94013,0,459,26,980,251,74,226,140,2176,1213,963,807,0,2031,128,17,2043,2043,1801,92,52,52,39,39,197,197,232,232,4930,0,0,155,22,8,0,3353,4703,2176,114,0,172.77,9,5,SDN Communications -- Bluepeak -- Golden West Telecommunications -- Alliance Communications Cooperative Inc. -- T-Mobile US -- Verizon -- Rise Broadband -- Midco -- CenturyLink,0,0,1,1
46099010501,5874,5539,151,27,0,19,156,39.2,91625,0,895,86,1192,296,39,158,89,2235,1614,621,865,5,1994,56,180,2025,2020,1906,99,9,9,108,76,160,152,353,252,5615,0,14,210,35,7,58,3932,5484,2235,57,1,1425.77,5,5,Alliance Communications Cooperative Inc. -- T-Mobile US -- Verizon -- Rise Broadband -- Midco,0,0,1,1
46099010502,3755,3554,176,0,8,0,55,42.3,101472,9,481,98,504,201,0,14,30,1479,1328,151,463,0,1430,26,23,1430,1430,1354,23,28,14,0,0,35,26,195,195,3656,0,24,61,14,0,14,2654,3582,1479,34,1,504.93,4,4,Rise Broadband -- Midco -- Alliance Communications Cooperative Inc. -- T-Mobile US,0,0,1,1
46099010600,5086,4461,152,24,24,0,295,25.8,75233,8,510,128,840,158,7,449,362,1781,1176,605,471,0,1715,14,52,1720,1720,1532,47,84,66,108,84,136,136,328,309,4976,0,9,15,86,18,8,2679,4850,1781,97,0,5357.69,7,4,SDN Communications -- Bluepeak -- T-Mobile US -- Verizon -- Rise Broadband -- Midco -- CenturyLink,0,0,1,1
46101959600,3243,3005,14,48,3,0,102,40.6,83875,6,580,39,465,143,37,37,132,1220,984,236,386,3,1069,84,64,1076,1073,749,119,15,12,49,42,91,77,158,112,3185,0,13,9,36,15,6,2157,3014,1220,28,1,7.21,16,7,SDN Communications -- ITC -- Verizon -- Bluepeak -- Golden West Telecommunications -- Alliance Communications Cooperative Inc. -- MCC_Georgia_LLC -- MVTV Wireless -- Valley FiberCom -- T-Mobile US -- LTD Broadband -- GigFire -- Interlakes Wireless LLC -- Midco -- Woodstock Telephone Company -- CenturyLink,0,0,1,1
46101959700,3103,1855,36,751,115,2,205,40.5,60810,49,617,91,267,154,59,202,228,1301,770,531,388,16,1010,147,128,1045,1029,792,235,72,26,114,42,212,158,161,112,2906,0,16,87,94,62,33,2079,2854,1301,60,1,41.51,10,5,Bluepeak -- MCC_Georgia_LLC -- MVTV Wireless -- Valley FiberCom -- T-Mobile US -- LTD Broadband -- GigFire -- Verizon -- Midco -- CenturyLink,0,0,1,1
46102941000,6454,436,0,5994,0,0,523,26.7,51875,43,873,351,234,108,0,1675,933,1145,635,510,763,21,648,145,331,718,697,625,395,119,40,217,112,80,17,149,84,6454,0,0,0,0,0,25,3363,5873,1145,939,0,16.21,2,0,Golden West Telecommunications -- Great Plains Broadband LLC,0,1,1,0
46102941100,4946,76,0,4741,0,0,129,27.4,22500,32,719,243,80,51,0,2203,1442,1094,557,537,663,4,409,263,418,478,474,420,488,283,101,196,57,289,113,94,40,4946,0,0,0,0,0,40,2586,4388,1094,1011,0,3.71,2,0,Golden West Telecommunications -- Fort Randall Telephone Company,0,1,1,0
46102941200,2295,118,8,2099,0,0,70,23.3,0,0,214,65,88,0,0,599,694,445,166,279,292,0,322,45,78,339,339,288,79,103,94,55,44,75,44,25,25,2235,0,44,16,0,0,43,1045,2193,445,355,0,6.18,2,0,Golden West Telecommunications -- Great Plains Broadband LLC,0,1,1,0
46103010201,3039,2131,196,522,17,0,194,32.9,45212,0,380,189,397,68,0,754,172,1246,793,453,298,0,997,162,87,997,997,898,137,146,88,52,25,309,215,233,201,2944,27,19,17,32,0,32,1891,2825,1246,142,0,5547.08,6,3,Bluepeak -- Telescan Wireless LLC -- T-Mobile US -- Verizon -- Midco -- CenturyLink,0,0,1,1
46103010202,2409,1558,50,427,3,0,230,37.5,32292,0,352,299,160,187,4,118,160,901,60,841,87,0,717,122,62,735,735,567,159,68,28,96,86,307,224,159,134,2352,0,51,0,6,5,13,1905,2370,901,121,0,1871.95,8,3,SDN Communications -- Bluepeak -- Telescan Wireless LLC -- T-Mobile US -- Verizon -- Midco -- Wisp West| Celerity Internet -- CenturyLink,0,0,1,1
46103010300,2994,1827,60,816,0,0,310,41.2,38816,15,629,225,231,61,27,478,483,1468,562,906,338,0,1190,66,212,1200,1200,991,262,137,119,329,227,181,126,230,199,2935,0,0,22,37,23,2,2011,2753,1468,166,0,1688.44,8,3,Western Communications Inc. -- Bluepeak -- Telescan Wireless LLC -- T-Mobile US -- Verizon -- Midco -- Wisp West| Celerity Internet -- CenturyLink,0,0,1,1
46103010400,3666,2394,139,859,88,0,232,38.2,45735,18,818,382,213,91,4,184,647,1382,748,634,434,0,1165,123,94,1208,1208,1059,141,33,33,220,156,268,260,221,133,3486,12,72,43,53,3,53,2392,3414,1382,192,0,2514.09,6,3,SDN Communications -- Bluepeak -- T-Mobile US -- Verizon -- Midco -- CenturyLink,0,0,1,1
46103010500,3072,2005,139,655,67,0,111,23.4,32321,13,395,92,102,89,0,418,431,1014,293,721,305,0,711,109,194,748,748,541,223,77,21,268,141,219,190,212,179,2986,0,9,15,62,0,6,1432,2812,1014,144,0,1722.67,8,3,SDN Communications -- Bluepeak -- TPx Communications -- Telescan Wireless LLC -- T-Mobile US -- Verizon -- Midco -- CenturyLink,0,0,1,1
46103010600,3372,2773,39,330,8,0,274,41.6,49176,18,729,114,499,185,27,280,225,1598,1175,423,295,0,1391,82,125,1391,1391,1238,207,93,85,153,144,236,156,346,271,3315,0,29,20,8,74,0,2511,3283,1598,175,0,3472.24,6,3,Bluepeak -- Telescan Wireless LLC -- T-Mobile US -- Verizon -- Midco -- CenturyLink,0,0,1,1
46103010700,4035,2929,109,631,0,0,158,36.5,46683,49,617,502,304,114,22,341,843,1613,1031,582,389,10,1333,128,142,1361,1351,1241,197,183,85,175,118,236,166,287,276,3952,0,0,66,17,12,14,2958,3832,1613,196,0,4819.46,6,2,Bluepeak -- Telescan Wireless LLC -- T-Mobile US -- Midco -- Wisp West| Celerity Internet -- CenturyLink,0,0,1,1
46103010800,3914,3252,56,292,26,6,154,41.9,52582,49,643,60,604,211,93,346,271,1948,1012,936,341,0,1676,154,118,1676,1676,1426,186,135,87,247,160,296,239,265,224,3867,0,2,18,27,0,76,2910,3803,1948,217,0,2203.71,8,3,SDN Communications -- Bluepeak -- Telescan Wireless LLC -- T-Mobile US -- Verizon -- Midco -- Wisp West| Celerity Internet -- CenturyLink,0,0,1,1
46103010904,4798,4125,0,171,23,0,183,41.3,72813,11,684,136,872,287,18,146,248,1837,1349,488,379,10,1537,92,198,1568,1558,1496,206,70,41,98,49,264,187,187,144,4730,22,36,0,10,11,17,3330,4531,1837,201,0,4352.18,8,3,SDN Communications -- Bluepeak -- Telescan Wireless LLC -- T-Mobile US -- Verizon -- Midco -- Wisp West| Celerity Internet -- CenturyLink,0,0,1,1
46103010905,6521,5286,25,185,69,0,304,33.0,73102,1,689,189,1318,396,247,142,427,2423,1330,1093,754,34,2049,179,161,2095,2061,1901,166,46,29,201,114,255,134,262,245,6258,0,102,26,135,0,99,3960,5934,2423,299,0,332.93,9,3,SDN Communications -- Western Communications Inc. -- Bluepeak -- Telescan Wireless LLC -- T-Mobile US -- Verizon -- Midco -- Wisp West| Celerity Internet -- CenturyLink,0,0,1,1
46103010906,5651,4743,63,258,162,12,156,38.1,77404,40,986,222,458,219,27,67,472,2290,2084,206,678,0,2044,78,168,2156,2156,1932,71,25,25,56,44,305,280,183,183,5372,0,95,168,16,0,24,3862,5274,2290,113,0,1251.51,8,4,SDN Communications -- Xfinity -- Western Communications Inc. -- Bluepeak -- T-Mobile US -- Verizon -- Midco -- CenturyLink,0,0,1,1
46103010907,3686,2739,64,225,0,0,189,35.9,64138,10,529,377,417,81,78,19,208,1413,988,425,483,0,1223,114,76,1245,1245,1160,84,15,7,55,32,225,198,214,194,3659,0,8,19,0,7,0,2543,3536,1413,72,0,307.93,8,3,SDN Communications -- Western Communications Inc. -- Bluepeak -- Telescan Wireless LLC -- T-Mobile US -- Verizon -- Midco -- CenturyLink,0,0,1,1
46103010908,7317,5934,47,482,111,0,729,32.6,88933,17,988,246,911,238,23,301,496,2957,2325,632,960,0,2599,224,134,2655,2655,2454,97,93,79,91,68,265,207,328,308,7167,0,23,45,82,37,49,4637,6810,2957,149,0,508.11,6,3,Western Communications Inc. -- Bluepeak -- T-Mobile US -- Verizon -- Midco -- CenturyLink,0,0,1,1
46103011001,2568,2154,1,109,81,12,112,46.0,77948,15,487,112,393,180,25,38,164,996,791,205,196,0,795,50,151,806,806,753,179,12,0,174,43,34,17,71,52,2473,0,10,50,35,0,5,1900,2416,996,28,0,1955.49,7,3,Bluepeak -- Telescan Wireless LLC -- T-Mobile US -- Verizon -- Midco -- Wisp West| Celerity Internet -- CenturyLink,0,0,1,1
46103011002,7373,6198,24,203,206,0,229,47.8,78931,0,631,168,2032,627,355,76,247,3358,2306,1052,630,0,3141,133,84,3141,3141,2710,173,51,51,28,14,462,408,261,203,7053,0,62,154,104,0,64,5701,7073,3358,129,0,1393.23,9,3,SDN Communications -- Western Communications Inc. -- Bluepeak -- Telescan Wireless LLC -- T-Mobile US -- Verizon -- Midco -- Wisp West| Celerity Internet -- CenturyLink,0,0,1,1
46103011004,7820,7319,66,67,15,0,353,46.1,131163,0,638,84,1519,700,555,12,163,2866,2733,133,1050,17,2836,0,13,2853,2836,2453,13,12,12,56,56,96,96,204,187,7513,31,70,191,15,0,64,5433,7463,2866,70,0,311.26,8,3,Western Communications Inc. -- Bluepeak -- Telescan Wireless LLC -- T-Mobile US -- Verizon -- Midco -- Wisp West| Celerity Internet -- CenturyLink,0,0,1,1
46103011005,2417,2301,0,27,8,0,68,54.7,120000,18,323,67,485,254,112,39,55,942,867,75,268,2,880,20,40,882,880,648,59,19,19,29,18,63,37,71,60,2341,0,21,38,17,37,7,1795,2298,942,29,1,19.33,8,3,SDN Communications -- Fort Randall Telephone Company -- Western Communications Inc. -- Bluepeak -- T-Mobile US -- Verizon -- Midco -- CenturyLink,0,0,1,1
46103011100,3126,2634,48,42,58,0,252,39.8,51341,0,455,14,414,236,25,135,134,1561,854,707,316,0,1408,45,108,1408,1408,1232,137,49,49,94,65,350,256,258,244,2966,41,15,37,67,79,45,2052,2856,1561,40,0,3172.22,7,2,SDN Communications -- Bluepeak -- Telescan Wireless LLC -- T-Mobile US -- Midco -- Wisp West| Celerity Internet -- CenturyLink,0,0,1,1
46103011200,2939,2282,189,99,91,0,224,35.2,64638,0,389,131,444,240,67,61,169,1329,884,445,421,0,1135,148,46,1135,1135,1033,186,60,60,140,47,84,58,199,182,2846,0,0,30,63,0,44,1908,2669,1329,38,0,2456.89,6,3,SDN Communications -- Bluepeak -- T-Mobile US -- Verizon -- Midco -- CenturyLink,0,0,1,1
46103011300,6594,5746,30,114,0,0,408,52.3,88980,9,688,291,1528,655,131,142,228,3039,2164,875,604,69,2701,129,140,2838,2769,2448,110,67,45,195,125,272,255,204,183,6320,83,26,149,16,0,0,5025,6404,3039,79,0,175.54,8,3,Western Communications Inc. -- Bluepeak -- Telescan Wireless LLC -- T-Mobile US -- Verizon -- Midco -- Wisp West| Celerity Internet -- CenturyLink,0,0,1,1
46103011400,8050,6157,0,745,61,0,612,36.0,58165,65,1537,494,933,482,45,194,1221,3283,2386,897,799,56,2992,97,138,3060,3004,2480,179,69,44,490,344,627,563,267,267,7787,18,115,111,19,0,13,5741,7317,3283,339,0,306.94,10,3,SDN Communications -- Western Communications Inc. -- Bluepeak -- Telescan Wireless LLC -- MCC_Georgia_LLC -- T-Mobile US -- Verizon -- Midco -- Wisp West| Celerity Internet -- CenturyLink,0,0,1,1
46103011601,4551,4090,0,147,0,0,223,36.1,84096,9,737,154,432,197,0,414,133,1388,1187,201,634,0,1373,0,15,1373,1373,1044,15,6,6,32,32,142,135,120,112,4286,0,103,113,49,0,0,2897,3999,1388,67,0,15.68,10,3,SDN Communications -- Fort Randall Telephone Company -- Western Communications Inc. -- Bluepeak -- Golden West Telecommunications -- T-Mobile US -- Verizon -- Midco -- Wisp West| Celerity Internet -- CenturyLink,0,0,1,1
46103011602,3363,2723,43,87,87,4,115,41.5,70851,24,658,62,379,210,4,323,87,1269,1049,220,382,0,1073,145,51,1075,1075,933,86,143,52,78,56,98,77,137,106,3259,0,45,36,23,3,5,2295,3154,1269,68,0,2.42,8,3,SDN Communications -- Western Communications Inc. -- Bluepeak -- Golden West Telecommunications -- T-Mobile US -- Verizon -- Midco -- CenturyLink,0,0,1,1
46103011700,3766,3255,0,74,16,0,254,51.5,78235,16,642,172,675,221,52,123,106,1552,1363,189,319,10,1327,110,105,1337,1327,820,162,32,29,40,21,321,214,153,136,3636,0,6,91,33,91,50,2858,3651,1552,51,1,6.14,5,2,Fort Randall Telephone Company -- Golden West Telecommunications -- T-Mobile US -- Verizon -- CenturyLink,0,0,1,1
46103011800,3345,2428,90,716,7,0,165,33.2,66287,0,621,301,506,13,19,143,54,1156,679,477,374,8,964,125,59,972,964,792,151,136,115,49,21,125,121,201,175,3202,0,75,32,36,5,5,2353,3127,1156,61,0,697.15,7,3,SDN Communications -- Western Communications Inc. -- Bluepeak -- T-Mobile US -- Verizon -- Midco -- CenturyLink,0,0,1,1
46105968300,2970,2845,0,57,22,0,13,45.4,64410,28,638,81,320,76,13,71,278,1237,971,266,338,4,1069,63,101,1077,1073,963,126,43,26,105,79,203,146,150,129,2915,0,15,31,9,0,0,2101,2778,1237,27,1,1.79,4,2,Golden West Telecommunications -- West River Cooperative Telephone Company -- Consolidated Communications Networks Inc. -- Verizon,0,0,1,1
46107000100,2587,2377,39,20,21,0,0,44.7,71786,20,689,75,363,53,12,93,81,1034,805,229,258,1,918,72,43,922,921,740,104,26,26,86,53,117,90,171,149,2564,0,0,19,4,0,12,1811,2441,1034,17,1,3.14,5,3,SDN Communications -- Venture Communications Cooperative Inc. -- T-Mobile US -- Verizon -- Wisp West| Celerity Internet,0,0,1,1
46109940400,2946,1160,21,1674,5,0,50,34.4,45067,28,413,193,195,63,33,122,492,1047,515,532,379,0,821,64,162,843,843,744,167,50,29,155,76,188,131,211,193,2916,18,7,0,5,7,0,1782,2692,1047,212,1,170.51,5,5,Venture Communications Cooperative Inc. -- T-Mobile US -- GigFire -- LTD Broadband -- Verizon,0,1,1,1
46109940700,2678,1655,0,886,2,0,2,33.4,64153,27,481,39,214,70,16,464,221,963,736,227,323,0,811,54,98,834,834,721,105,100,87,70,33,71,53,90,66,2660,0,0,1,17,0,2,1595,2335,963,76,1,5.14,7,5,RCTech -- Red River Communications -- Otter Tail Telecom -- Venture Communications Cooperative Inc. -- LTD Broadband -- GigFire -- Verizon,0,1,1,1
46109940800,2726,1077,26,1511,3,0,36,35.8,55938,18,553,176,147,59,0,231,394,881,548,333,333,5,599,118,159,617,612,569,240,50,32,93,42,140,67,115,80,2717,0,2,3,4,0,53,1716,2575,881,127,1,7.73,8,4,SDN Communications -- ITC -- RCTech -- Otter Tail Telecom -- Venture Communications Cooperative Inc. -- LTD Broadband -- GigFire -- Verizon,0,1,1,1
46109950400,1892,1791,0,47,0,0,12,52.1,71071,30,463,53,203,50,2,18,143,768,684,84,158,3,629,53,83,653,650,434,97,12,12,67,42,90,49,79,69,1877,0,0,12,3,0,2,1350,1822,768,19,1,8.7,9,4,SDN Communications -- ITC -- RCTech -- Otter Tail Telecom -- T-Mobile US -- LTD Broadband -- GigFire -- Verizon -- CenturyLink,0,0,1,1
46111962100,2373,2240,0,5,0,0,91,39.3,65806,16,612,34,221,78,15,95,106,939,714,225,258,5,724,94,116,737,732,573,175,35,17,125,52,78,61,124,94,2342,2,0,5,24,22,0,1583,2165,939,15,1,4.17,5,4,TrioTel Communications INc -- Alliance Communications Cooperative Inc. -- Santel -- Midco -- Wisp West| Celerity Internet,0,0,1,1
46115000100,1887,1819,0,6,0,0,0,49.1,74250,66,418,27,307,27,14,66,155,758,632,126,200,0,701,12,45,705,705,556,50,19,19,28,28,104,99,85,78,1876,0,0,5,6,0,4,1357,1789,758,16,1,2.91,8,6,Venture Communications Cooperative Inc. -- T-Mobile US -- LTD Broadband -- GigFire -- James Valley Cooperative Telephone Company -- Midco -- Wisp West| Celerity Internet -- CenturyLink,0,0,1,1
46115000200,2572,2369,70,16,0,0,190,44.3,57321,37,545,140,341,107,11,102,86,1102,695,407,268,16,918,63,105,940,924,745,131,18,10,101,56,201,149,129,95,2561,0,0,4,7,17,0,1824,2431,1102,40,1,164.23,6,5,T-Mobile US -- LTD Broadband -- GigFire -- James Valley Cooperative Telephone Company -- Midco -- CenturyLink,0,0,1,1
46115000300,1896,1858,1,2,0,0,18,43.1,73804,123,362,53,268,32,10,172,82,666,542,124,164,0,584,23,59,588,588,444,75,38,21,45,32,88,78,63,57,1870,0,0,18,8,9,16,1332,1747,666,10,1,2.39,11,7,SDN Communications -- ITC -- Venture Communications Cooperative Inc. -- T-Mobile US -- LTD Broadband -- GigFire -- Verizon -- James Valley Cooperative Telephone Company -- Midco -- Wisp West| Celerity Internet -- CenturyLink,0,0,1,1
46117960100,2979,2769,9,100,0,0,131,43.2,82298,26,606,157,362,170,30,34,62,1239,1037,202,287,19,1036,78,106,1069,1050,875,131,3,3,77,21,176,149,82,47,2943,0,19,17,0,0,5,2130,2851,1239,49,1,3.54,5,2,Golden West Telecommunications -- T-Mobile US -- Midco -- Wisp West| Celerity Internet -- CenturyLink,0,0,1,1
46119979100,1318,1214,72,0,0,0,0,52.7,66875,4,369,28,190,24,3,52,59,599,482,117,85,6,481,79,33,487,481,386,86,27,19,52,21,45,25,54,45,1244,0,0,0,74,11,74,1032,1260,599,23,1,1.53,3,2,Venture Communications Cooperative Inc. -- Wisp West| Celerity Internet -- Verizon,0,0,1,1
46121940100,4761,248,0,4307,183,0,223,23.7,29659,121,597,121,172,78,7,1828,1065,1076,440,636,619,0,584,212,280,623,623,435,385,191,65,251,78,113,62,134,113,4554,0,15,15,177,15,39,2271,4247,1076,614,1,10.23,3,0,Golden West Telecommunications -- Great Plains Broadband LLC -- Viaero Wireless,0,1,1,0
46121940200,4592,536,1,3760,131,0,169,26.7,35064,66,522,74,259,130,15,1338,563,1331,594,737,689,0,840,248,243,851,851,537,402,229,100,280,119,154,68,184,137,4445,0,0,27,120,0,101,2424,4038,1331,618,1,5.02,3,1,Golden West Telecommunications -- Viaero Wireless -- T-Mobile US,0,1,1,1
46123971600,2402,2068,0,236,11,0,12,46.7,59375,34,562,91,311,69,0,195,161,986,736,250,251,5,791,84,106,806,801,690,160,57,49,48,26,137,99,147,111,2388,0,3,0,11,3,7,1656,2229,986,41,1,1.54,4,3,Golden West Telecommunications -- Kennebec Telephone Company Inc. -- T-Mobile US -- Verizon,0,0,1,1
46123971700,3205,2412,36,594,19,0,45,43.6,54826,72,816,199,240,27,35,483,335,1193,809,384,305,0,991,80,122,1003,1003,918,151,87,60,111,78,209,163,151,111,3158,0,2,15,30,26,33,2401,2993,1193,55,1,96.79,3,2,Golden West Telecommunications -- T-Mobile US -- Verizon,0,0,1,1
46125965100,4396,4171,48,33,3,4,93,41.0,76346,59,937,89,549,118,51,116,204,1746,1415,331,585,19,1426,128,173,1467,1448,1168,220,72,35,117,62,188,127,207,173,4352,0,11,2,31,6,7,3010,4148,1746,42,1,15.2,9,4,SDN Communications -- Bluepeak -- Golden West Telecommunications -- Alliance Communications Cooperative Inc. -- T-Mobile US -- Verizon -- Rise Broadband -- Leap Communications LLC -- CenturyLink,0,0,1,1
46125965200,4291,4097,2,17,52,0,109,42.5,70318,88,835,75,646,147,25,262,198,1696,1297,399,582,5,1354,143,194,1370,1365,1086,267,73,38,149,81,236,152,168,109,4165,2,22,26,76,31,49,2979,4031,1696,49,1,12.93,8,4,SDN Communications -- Fort Randall Telephone Company -- Bluepeak -- Golden West Telecommunications -- T-Mobile US -- Verizon -- Rise Broadband -- Midco,0,0,1,1
46127020100,4388,4112,4,54,22,0,148,41.5,67482,60,1002,59,481,169,36,168,153,1819,1331,488,509,6,1445,176,192,1491,1478,1110,222,59,57,132,75,195,147,233,191,4341,0,18,16,13,49,10,3100,4063,1819,51,1,16.64,10,7,Bluepeak -- Alliance Communications Cooperative Inc. -- Beresford Municipal Telephone Company -- T-Mobile US -- Nextlink -- Verizon -- Rise Broadband -- Midco -- Premier Communications -- CenturyLink,0,0,1,1
46127020200,3059,2926,15,6,4,0,89,37.0,86288,52,441,112,405,139,30,92,183,1164,937,227,406,0,988,56,120,988,988,667,134,70,20,106,85,82,21,95,51,3040,5,10,4,0,0,5,2071,2774,1164,35,1,25.76,9,6,SDN Communications -- Bluepeak -- Nextlink -- T-Mobile US -- Verizon -- Rise Broadband -- Midco -- Premier Communications -- CenturyLink,0,0,1,1
46127020301,5022,4273,28,50,245,0,350,41.0,107852,0,532,109,1067,334,242,169,241,2085,1325,760,501,0,1831,195,59,1831,1831,1661,106,67,67,24,24,103,60,301,274,4701,0,27,124,170,19,60,3305,4894,2085,44,0,529.28,9,4,SDN Communications -- FiberComm LC -- Long Lines -- Cable America -- Nextlink -- T-Mobile US -- Verizon -- Rise Broadband -- CenturyLink,0,0,1,1
46127020302,4231,3890,24,90,13,9,104,39.8,78966,71,738,162,575,321,67,116,238,1899,1287,612,564,0,1646,130,123,1654,1654,1340,243,64,57,150,112,152,88,192,154,4141,0,0,38,52,14,52,2985,4066,1899,33,0,58.67,9,5,FiberComm LC -- Long Lines -- Cable America -- Nextlink -- T-Mobile US -- Verizon -- Rise Broadband -- Midco -- CenturyLink,0,0,1,1
46129965100,1938,1797,14,36,0,0,62,41.0,55721,72,444,53,227,51,6,113,63,785,684,101,212,0,661,66,58,661,661,513,95,43,33,58,36,92,69,164,148,1897,0,3,4,34,20,1,1289,1783,785,13,1,2.64,6,5,West River Telecommunications Cooperative -- Venture Communications Cooperative Inc. -- Valley FiberCom -- T-Mobile US -- Verizon -- Midco,0,0,1,1
46129965200,3379,2461,102,506,7,0,47,40.6,58634,26,617,176,516,154,29,194,318,1595,1062,533,392,8,1258,126,203,1274,1266,1211,268,23,23,85,60,225,163,358,242,3357,0,0,22,0,15,7,2479,3173,1595,137,1,192.6,6,4,SDN Communications -- West River Telecommunications Cooperative -- Valley FiberCom -- T-Mobile US -- Verizon -- Midco,0,0,1,1
46135966100,3092,2458,54,111,27,0,311,42.3,46250,50,507,288,279,98,27,121,78,1440,779,661,314,0,1110,54,276,1125,1125,969,277,42,16,98,74,271,92,323,253,2915,0,20,19,138,85,41,2121,2981,1440,88,1,2866.81,7,3,SDN Communications -- Bluepeak -- South Dakota Wireless Internet -- MCC_Georgia_LLC -- T-Mobile US -- Verizon -- Midco,0,0,1,1
46135966200,5796,5299,0,281,0,0,68,37.5,67574,1,961,234,972,337,82,332,329,2523,1857,666,780,0,2176,159,188,2188,2188,1940,320,113,102,127,94,343,217,401,391,5781,0,0,0,15,0,0,3801,5348,2523,152,1,289.37,8,4,SDN Communications -- Bluepeak -- South Dakota Wireless Internet -- T-Mobile US -- Verizon -- Rise Broadband -- Midco -- CenturyLink,0,0,1,1
46135966301,4364,4039,34,119,13,0,124,47.3,83313,108,904,309,360,331,99,37,116,1627,1103,524,425,7,1410,117,93,1425,1418,1151,63,33,28,81,38,32,32,247,143,4320,7,12,12,13,0,23,3266,4248,1627,98,1,109.09,8,3,SDN Communications -- Bluepeak -- South Dakota Wireless Internet -- MCC_Georgia_LLC -- T-Mobile US -- Verizon -- Midco -- CenturyLink,0,0,1,1
46135966302,6427,5578,198,63,15,0,654,40.0,65618,10,1136,406,887,332,48,237,266,2576,1802,774,681,0,2332,90,154,2349,2349,2088,183,80,12,155,139,391,361,497,450,5954,67,22,69,315,243,29,4436,6065,2576,155,1,1881.86,7,3,SDN Communications -- Bluepeak -- South Dakota Wireless Internet -- T-Mobile US -- Verizon -- Midco -- CenturyLink,0,0,1,1
46135966400,3632,3517,2,25,2,0,71,43.0,80655,28,842,146,324,72,28,192,22,1623,1349,274,371,7,1288,188,140,1296,1289,705,251,69,68,33,21,164,132,160,85,3574,2,27,19,10,11,39,2614,3390,1623,46,1,8.08,10,4,SDN Communications -- Fort Randall Telephone Company -- Bluepeak -- Golden West Telecommunications -- South Dakota Wireless Internet -- T-Mobile US -- Verizon -- Rise Broadband -- Midco -- CenturyLink,0,0,1,1
46137941600,2455,615,0,1669,0,6,166,34.3,46023,10,469,151,177,43,0,495,520,683,384,299,314,0,484,53,146,496,496,465,173,78,26,99,52,102,80,94,65,2431,0,0,0,24,0,2,1479,2262,683,160,1,1.58,3,2,Golden West Telecommunications -- West River Cooperative Telephone Company -- CRST Telephone Authority,0,1,1,1
